author.name,no.of.papers,Gender,indegree,strength.mean,clusteringcoefficient.global,triangles,demoninator,first.year,last.year,n.years,first.lastauthor,second.lastauthor,third.lastauthor,gap,Time.to.PI,mean.nAU,firstauthor.papers,lastauthor.papers,allmultipleauthor.papers,singleauthor.papers
663,100,M,193,2.238341969,0.327449568,13635,41640,1984,2018,35,1989,1992,1995,6,11,5.32,9,56,97,3
324,16,M,8,1.75,0.384615385,15,39,1983,2002,20,1989,1989,1990,1,7,1.875,4,6,11,5
413,5,F,4,1.25,0.375,3,8,1993,2000,8,1993,2000,NA,NA,NA,2,2,2,4,1
297,173,M,443,1.993227991,0.222755389,35652,160050,1988,2018,31,1988,1992,1995,7,7,6.104046243,42,42,167,6
314,35,F,49,1.632653061,0.240671642,387,1608,1984,2018,35,1999,2002,2007,8,23,3.285714286,11,16,33,2
43,34,F,20,1.5,0.437086093,132,302,1990,2012,23,1991,1998,2000,9,10,1.882352941,6,13,20,14
178,37,M,51,1.62745098,0.737739374,3159,4282,1983,2015,33,1985,1989,1989,4,6,3.243243243,7,14,32,5
840,183,M,235,2.829787234,0.302146429,14865,49198,1987,2018,32,1992,1994,1995,3,8,4.633879781,19,84,177,6
156,146,M,404,1.79950495,0.279793788,37557,134231,1980,2018,39,1992,1994,1996,4,16,5.979452055,32,19,134,12
278,55,M,133,2.082706767,0.352343713,7389,20971,1999,2018,20,2000,2000,2000,0,1,6.036363636,13,22,55,0
810,10,F,10,2.5,0.578571429,81,140,1994,2016,23,1995,2009,2010,15,16,3.5,2,3,10,0
247,87,M,69,2.898550725,0.164698372,516,3133,1981,2015,35,1982,1983,1983,1,2,3.287356322,6,43,86,1
798,69,M,66,2.151515152,0.325241379,1179,3625,1986,2017,32,1990,1994,1995,5,9,3.057971014,9,29,48,21
447,59,M,100,1.9,0.198094931,1227,6194,1992,2018,27,1993,1996,2000,7,8,4.220338983,4,21,57,2
558,45,M,42,1.571428571,0.209569378,219,1045,1992,2018,27,1997,2003,2005,8,13,2.466666667,18,10,34,11
820,21,F,46,1.369565217,0.85051818,4842,5693,1993,2015,23,2004,2004,2007,3,14,4,4,8,17,4
496,33,M,28,1.642857143,0.235412475,117,497,1981,2007,27,1981,1983,1989,8,8,2.393939394,8,4,23,10
822,11,M,16,2.125,0.604240283,171,283,1993,2006,14,1998,2006,NA,NA,NA,4.090909091,6,2,11,0
466,13,M,20,1.95,0.624251497,417,668,2002,2012,11,NA,NA,NA,NA,NA,4,2,0,11,2
748,23,F,25,2.04,0.657754011,492,748,1995,2013,19,1995,1995,2001,6,6,3.217391304,5,5,18,5
693,5,M,11,1.181818182,0.587412587,84,143,1994,1997,4,1996,NA,NA,NA,NA,3.6,2,1,5,0
144,40,F,35,2.542857143,0.287841191,348,1209,1987,2018,32,1987,1989,1990,3,3,3.225,12,10,39,1
207,9,F,7,1.285714286,0.70212766,33,47,1991,2000,10,1994,1998,NA,NA,NA,2,3,2,5,4
573,90,M,44,3.318181818,0.290462428,402,1384,1987,2018,32,1996,1996,1999,3,12,2.622222222,27,38,72,18
831,4,M,3,2,0.75,6,8,1984,1999,16,1984,1997,1999,15,15,2.5,0,3,4,0
295,5,M,4,4.25,1,30,30,1996,1998,3,NA,NA,NA,NA,NA,4.4,1,0,5,0
903,29,M,68,1.514705882,0.50057857,2163,4321,1992,2018,27,1992,2001,2006,14,14,4.551724138,8,9,28,1
488,123,F,158,2.386075949,0.151665081,2391,15765,1985,2018,34,1985,1998,1998,13,13,4.105691057,8,52,119,4
315,15,F,10,4.7,0.842465753,246,292,1992,2000,9,NA,NA,NA,NA,NA,4.133333333,5,0,15,0
482,152,M,140,2.592857143,0.263337601,3702,14058,1986,2018,33,1995,1996,1997,2,11,3.388157895,33,61,130,22
67,10,F,17,1.470588235,0.414746544,90,217,1997,2018,22,1997,1997,NA,NA,NA,3.5,4,2,9,1
40,48,M,65,1.753846154,0.337374582,1614,4784,1986,2016,31,1988,1988,1992,4,6,3.375,6,16,47,1
641,21,F,20,1.25,0.428571429,150,350,1988,2015,28,1989,1995,1997,8,9,2.19047619,2,8,13,8
443,15,M,12,5.583333333,0.771428571,324,420,1996,2010,15,1997,2009,2010,13,14,5.466666667,4,3,15,0
618,74,M,178,1.949438202,0.310554188,9207,29647,1995,2018,24,2009,2010,2010,1,15,5.689189189,20,15,74,0
175,73,F,79,2.379746835,0.431960731,3168,7334,1985,2015,31,1994,1995,1995,1,10,3.575342466,14,27,67,6
588,22,F,54,1.611111111,0.38080895,885,2324,2000,2017,18,2000,2008,2013,13,13,4.954545455,5,5,22,0
825,139,M,137,3.01459854,0.204727327,2763,13496,1992,2018,27,1992,1993,1993,1,1,3.971223022,13,45,136,3
744,17,M,14,1.142857143,0.302521008,36,119,1982,2007,26,1985,1987,1991,6,9,1.941176471,2,8,11,6
544,64,M,84,2.726190476,0.334667527,2592,7745,1992,2018,27,2005,2005,2006,1,14,4.578125,14,25,63,1
117,46,F,69,1.768115942,0.236086176,789,3342,1991,2018,28,1991,2008,2010,19,19,3.652173913,9,12,44,2
617,26,M,14,3.5,0.530232558,114,215,1989,2013,25,1989,2005,2005,16,16,2.884615385,16,3,25,1
781,69,M,80,2.1625,0.467357673,3021,6464,1989,2017,29,1998,1999,1999,1,10,3.507246377,13,38,63,6
88,5,F,6,1.666666667,0.75,33,44,2000,2007,8,NA,NA,NA,NA,NA,3,3,0,5,0
122,6,F,19,1.578947368,0.670261941,435,649,1995,1998,4,1997,1997,NA,NA,NA,6,0,2,6,0
15,102,M,117,4.367521368,0.368403548,9969,27060,1987,2018,32,2004,2005,2009,5,22,6.009803922,14,5,101,1
308,62,M,89,1.584269663,0.296891192,1719,5790,1981,2017,37,1985,1988,1991,6,10,3.274193548,10,28,54,8
515,63,M,88,2.363636364,0.268649359,1635,6086,1993,2018,26,1996,1996,1999,3,6,4.317460317,9,33,63,0
534,83,F,150,2.58,0.468262029,14754,31508,1994,2018,25,1994,1997,2002,8,8,5.662650602,15,36,79,4
306,92,M,112,2.276785714,0.244163632,2280,9338,1999,2018,20,2000,2000,2002,2,3,3.77173913,9,55,86,6
61,21,F,31,1.870967742,0.615455382,669,1087,1981,2009,29,1981,1984,1992,11,11,3.761904762,8,3,21,0
114,170,M,211,2.033175355,0.177712039,4926,27719,1980,2018,39,1986,1987,1988,2,8,3.523529412,38,81,156,14
89,11,F,28,1.107142857,0.412891986,237,574,1994,2017,24,2012,NA,NA,NA,NA,3.818181818,6,1,11,0
537,6,F,5,2.2,0.714285714,15,21,1992,1998,7,1993,1994,1995,2,3,2.833333333,1,4,6,0
159,9,M,7,1,0.46875,15,32,1982,2017,36,1984,1988,NA,NA,NA,1.777777778,2,2,4,5
412,50,M,96,1.583333333,0.569638695,5865,10296,1986,2017,32,1986,1992,1992,6,6,4.04,6,21,45,5
914,71,M,132,1.863636364,0.268110878,3453,12879,1993,2018,26,1995,2001,2001,6,8,4.464788732,11,28,71,0
741,8,F,11,1.636363636,0.496062992,63,127,1996,2004,9,NA,NA,NA,NA,NA,3.25,5,0,8,0
253,8,M,5,2.2,0.428571429,6,14,1984,1997,14,1992,1994,NA,NA,NA,2.375,4,2,7,1
541,7,M,16,1.25,0.7425,297,400,2000,2016,17,2007,NA,NA,NA,NA,3.857142857,4,1,7,0
310,5,F,3,1,0.6,3,5,1994,2001,8,NA,NA,NA,NA,NA,1.6,2,0,2,3
762,6,F,10,1.9,0.533333333,72,135,2000,2008,9,2000,2002,2002,2,2,4.166666667,0,3,6,0
802,160,M,143,2.06993007,0.366523807,6243,17033,1986,2019,34,1989,1992,1994,5,8,2.85,30,71,126,34
304,56,M,88,1.659090909,0.202279753,1047,5176,1987,2018,32,1997,1999,2002,5,15,3.607142857,9,24,51,5
399,7,F,12,1.25,0.755639098,201,266,1983,1998,16,NA,NA,NA,NA,NA,3.142857143,2,0,4,3
179,87,M,189,1.989417989,0.339403298,11649,34322,1982,2018,37,1982,1987,1990,8,8,5.32183908,21,21,86,1
644,3,F,5,1.2,0.882352941,30,34,1996,2016,21,1996,NA,NA,NA,NA,3,1,1,3,0
353,88,M,158,1.734177215,0.214106396,3582,16730,1990,2018,29,1995,2000,2000,5,10,4.113636364,9,30,79,9
468,115,M,125,2.736,0.326538288,4341,13294,1988,2018,31,1989,1992,1992,3,4,3.973913043,21,54,107,8
769,11,M,20,1.35,0.427184466,132,309,1998,2012,15,1999,NA,NA,NA,NA,3.454545455,4,1,11,0
192,8,F,15,1.733333333,0.628272251,240,382,1998,2017,20,NA,NA,NA,NA,NA,4.25,3,0,8,0
637,12,M,42,1.619047619,0.522188217,1365,2614,2009,2018,10,2017,2018,NA,NA,NA,6.666666667,0,2,11,1
157,38,M,65,1.876923077,0.26810604,981,3659,1990,2018,29,2009,2009,2011,2,21,4.210526316,13,8,36,2
101,222,M,305,2.6,0.217096746,15093,69522,1990,2018,29,1990,1995,1998,8,8,4.572072072,20,127,218,4
616,57,F,80,1.875,0.279949559,1332,4758,1985,2018,34,1999,1999,2000,1,15,3.631578947,2,28,50,7
100,53,M,37,2.081081081,0.346901018,375,1081,1985,2018,34,1998,2003,2005,7,20,2.452830189,18,20,43,10
171,7,M,5,2.4,0.529411765,9,17,1994,2015,22,1994,1997,1999,5,5,2.714285714,0,5,7,0
503,87,M,149,2.10738255,0.363573917,7410,20381,1996,2018,23,2002,2004,2006,4,10,4.609195402,15,31,83,4
292,230,M,251,3.517928287,0.267761818,20766,77554,1982,2018,37,1987,1992,1993,6,11,4.839130435,48,81,220,10
426,6,F,4,3.25,0.789473684,15,19,1993,1997,5,1997,1997,NA,NA,NA,3.166666667,2,2,6,0
809,13,M,38,1.5,0.619146722,1785,2883,1989,2018,30,NA,NA,NA,NA,NA,5.384615385,4,0,9,4
146,222,M,272,2.816176471,0.257215395,14589,56719,1992,2018,27,1995,1995,1995,0,3,4.45045045,14,133,212,10
396,7,M,5,1.6,0.652173913,15,23,1985,1997,13,1985,1994,1996,11,11,2.142857143,1,3,5,2
451,107,F,93,2.64516129,0.371126504,3054,8229,1987,2018,32,1988,1992,1996,8,9,3.299065421,19,56,99,8
528,61,F,69,2.057971014,0.349093775,1329,3807,1987,2018,32,2004,2005,2005,1,18,3.327868852,15,31,57,4
818,55,F,94,1.936170213,0.429318155,3696,8609,1995,2018,24,1998,2004,2009,11,14,4.309090909,12,20,54,1
721,74,M,182,2.071428571,0.309002715,13314,43087,1990,2018,29,1993,1993,1998,5,8,6.094594595,11,22,73,1
676,53,M,72,2.430555556,0.259196515,1071,4132,1999,2018,20,2005,2006,2008,3,9,4.301886792,15,18,53,0
891,9,F,5,2,0.25,3,12,1982,1999,18,1984,1986,1999,15,17,2.111111111,3,3,7,2
875,16,F,17,1.411764706,0.204968944,33,161,1996,2017,22,2004,2004,2005,1,9,2.5,8,8,16,0
377,33,F,31,1.161290323,0.307570978,195,634,1982,2008,27,1984,1987,1991,7,9,2.121212121,13,11,24,9
123,46,M,86,2.034883721,0.523030429,5019,9596,1999,2018,20,2009,2009,2010,1,11,4.804347826,4,20,41,5
50,66,M,150,1.66,0.368887482,6993,18957,1992,2018,27,1992,2004,2008,16,16,4.772727273,18,15,65,1
474,99,M,115,1.852173913,0.195598736,1671,8543,1982,2018,37,1988,1992,1993,5,11,3.151515152,12,50,84,15
789,60,F,106,1.443396226,0.44979448,4596,10218,1992,2018,27,2002,2002,2004,2,12,3.55,7,35,55,5
222,18,F,20,1.7,0.316981132,84,265,1982,2006,25,1982,1984,1987,5,5,2.888888889,9,5,18,0
234,28,M,27,1.259259259,0.292207792,135,462,1990,2018,29,1995,2005,2006,11,16,2.214285714,3,15,21,7
320,25,F,29,1.413793103,0.62007874,630,1016,1985,2018,34,NA,NA,NA,NA,NA,2.64,10,0,15,10
346,4,M,2,1,0,0,NA,1982,2004,23,1997,NA,NA,NA,NA,1.5,1,1,2,2
797,8,M,20,1.45,0.800884956,543,678,1998,2007,10,NA,NA,NA,NA,NA,4.625,6,0,8,0
859,12,F,17,1.588235294,0.43373494,108,249,1991,2000,10,1991,2000,NA,NA,NA,3.25,6,2,12,0
261,10,F,14,1.5,0.478021978,87,182,1981,2010,30,1981,1990,1990,9,9,3.1,2,3,10,0
13,3,M,18,1,0.779874214,372,477,1988,2017,30,NA,NA,NA,NA,NA,7,0,0,3,0
280,20,F,82,1.62195122,0.471566923,3798,8054,1994,2018,25,NA,NA,NA,NA,NA,7.65,4,0,20,0
166,9,M,4,2,0.545454545,6,11,1998,2001,4,2000,NA,NA,NA,NA,1.888888889,5,1,6,3
441,10,M,7,2.285714286,0.904761905,114,126,1984,2010,27,1994,2010,NA,NA,NA,2.6,2,2,6,4
71,61,F,88,2.386363636,0.257412622,1554,6037,1999,2018,20,2002,2002,2008,6,9,4.426229508,11,15,61,0
770,50,M,61,1.344262295,0.566630316,2598,4585,1983,2017,35,1985,1985,2000,15,17,2.64,7,18,34,16
933,7,F,9,1.555555556,0.715909091,63,88,1989,1997,9,1989,NA,NA,NA,NA,3,1,1,5,2
673,6,F,9,1.777777778,0.661417323,84,127,1996,2003,8,2003,NA,NA,NA,NA,3.666666667,3,1,6,0
59,37,F,37,2.810810811,0.389200561,555,1426,1992,2017,26,1995,1999,2005,10,13,3.810810811,13,11,34,3
645,67,F,55,2.618181818,0.312424608,777,2487,1994,2018,25,1996,1997,1998,2,4,3.149253731,13,28,59,8
871,3,F,4,1.25,1,30,30,1991,1995,5,1994,NA,NA,NA,NA,2.666666667,0,1,2,1
591,69,F,58,2.465517241,0.272253582,627,2303,1982,2018,37,1993,1995,1997,4,15,3.072463768,17,22,55,14
638,12,F,20,1.8,0.789256198,573,726,1990,2017,28,1990,1993,1997,7,7,4,6,4,12,0
233,47,F,74,1.5,0.176901925,579,3273,1993,2018,26,2000,2003,2003,3,10,3.361702128,2,26,41,6
301,84,M,149,2.295302013,0.236043629,4761,20170,1985,2018,34,1995,1999,2001,6,16,5.071428571,17,8,83,1
815,3,F,4,2.25,1,30,30,1999,2000,2,NA,NA,NA,NA,NA,4,0,0,3,0
700,242,M,463,1.98488121,0.164334795,23127,140731,1983,2018,36,1986,1987,1992,6,9,4.797520661,24,126,228,14
930,6,F,5,2.6,0.846153846,33,39,1996,2004,9,1998,NA,NA,NA,NA,3.166666667,3,1,6,0
606,62,F,76,1.947368421,0.180529553,675,3739,1990,2012,23,1991,1995,2001,10,11,3.387096774,15,25,61,1
704,45,F,88,2.954545455,0.568776803,8886,15623,1992,2018,27,1993,1996,1997,4,5,6.777777778,12,10,44,1
444,94,M,143,1.79020979,0.356520781,6468,18142,1992,2018,27,1998,2009,2011,13,19,3.723404255,24,40,85,9
162,13,F,22,1.954545455,0.689361702,486,705,1994,2017,24,1994,NA,NA,NA,NA,4.307692308,6,1,13,0
651,23,F,41,1.390243902,0.280498664,315,1123,1994,2016,23,1999,2016,NA,NA,NA,3.47826087,10,2,21,2
479,17,F,15,1.8,0.382550336,57,149,1997,2014,18,1997,2003,2014,17,17,2.588235294,10,3,16,1
177,3,F,7,1.142857143,0.6,27,45,1990,1995,6,1995,NA,NA,NA,NA,3.666666667,0,1,3,0
44,57,F,38,2.447368421,0.22616408,204,902,1995,2018,24,1996,2005,2005,9,10,2.631578947,13,33,54,3
275,76,F,111,2.027027027,0.252880184,2634,10416,1997,2018,22,1998,2006,2007,9,10,3.960526316,17,28,76,0
507,6,M,7,1.857142857,0.652173913,45,69,1999,2002,4,2002,NA,NA,NA,NA,3.166666667,2,1,5,1
372,19,M,26,1.961538462,0.417582418,228,546,1993,2015,23,1993,1995,1997,4,4,3.684210526,3,11,19,0
805,36,F,47,2.021276596,0.466004184,891,1912,1985,2018,34,1987,1988,1988,1,3,3.638888889,10,16,33,3
148,10,F,10,2,0.564705882,48,85,1993,2018,26,NA,NA,NA,NA,NA,3,10,0,10,0
184,7,M,6,2.166666667,0.66,33,50,1995,2008,14,2002,2008,NA,NA,NA,2.857142857,2,2,6,1
163,106,M,128,2.140625,0.237656976,2763,11626,1992,2018,27,1993,1998,1998,5,6,3.58490566,27,52,91,15
57,25,M,34,1.294117647,0.255845942,186,727,1989,2007,19,1989,1993,1994,5,5,2.76,5,5,18,7
826,109,M,173,1.878612717,0.250115911,5934,23725,1987,2018,32,1999,2000,2000,1,13,3.981651376,32,35,97,12
331,49,F,132,2.083333333,0.430048633,9108,21179,1998,2018,21,2009,2009,2010,1,12,6.612244898,10,7,48,1
260,49,M,113,1.796460177,0.436883943,5496,12580,1990,2018,29,1996,2001,2002,6,12,5.142857143,11,21,49,0
282,286,M,458,1.68558952,0.126105652,15426,122326,1992,2018,27,1997,1998,2000,3,8,3.702797203,66,129,263,23
456,15,F,8,2.875,0.444444444,24,54,1983,2008,26,1996,1998,2000,4,17,2.533333333,1,10,13,2
105,116,M,132,2.318181818,0.203669725,2775,13625,1989,2018,30,1993,1994,1994,1,5,3.637931034,19,76,112,4
566,19,F,21,1.523809524,0.276450512,81,293,1993,2016,24,1996,1999,2001,5,8,2.684210526,6,3,16,3
439,87,M,158,1.664556962,0.204074526,3516,17229,1990,2018,29,1996,1999,1999,3,9,4.022988506,11,43,81,6
58,56,M,60,1.633333333,0.193330329,429,2219,1981,2016,36,1987,1988,1990,3,9,2.75,0,35,49,7
772,27,M,47,1.893617021,0.590041494,1422,2410,1996,2008,13,1996,1998,1999,3,3,4.296296296,17,4,27,0
170,42,M,54,2.12962963,0.446224256,1560,3496,1994,2017,24,1998,1999,1999,1,5,3.738095238,4,16,35,7
424,79,F,54,2.037037037,0.41997544,1026,2443,1984,2017,34,1991,1992,1993,2,9,2.392405063,13,48,69,10
844,4,F,4,1.25,0.375,3,8,1982,1997,16,1994,1996,1997,3,15,2.25,1,3,4,0
506,50,F,91,1.758241758,0.620808982,8073,13004,1993,2018,26,2007,2012,2012,5,19,4.2,23,9,44,6
9,22,M,54,2.537037037,0.528746466,2244,4244,1992,2018,27,1992,2017,NA,NA,NA,7.227272727,0,2,22,0
509,120,F,94,1.872340426,0.174489232,948,5433,1983,2018,36,1992,1996,1997,5,14,2.466666667,15,66,87,33
173,20,F,68,1.382352941,0.514554974,2457,4775,1992,2017,26,1992,1992,1995,3,3,5.65,4,4,19,1
296,46,M,72,1.458333333,0.437619962,2052,4689,1996,2018,23,2000,2001,2004,4,8,3.282608696,14,15,40,6
549,4,M,8,1.375,0.692307692,45,65,1996,2001,6,2001,NA,NA,NA,NA,3.75,2,1,4,0
221,176,M,272,2.430147059,0.177718833,9648,54288,1985,2018,34,1985,1991,1992,7,7,4.755681818,17,53,174,2
614,4,F,4,1.25,0.6,6,10,1994,1998,5,1995,NA,NA,NA,NA,2.25,1,1,3,1
302,151,M,197,2.289340102,0.188335726,4986,26474,1993,2018,26,1993,2000,2002,9,9,3.986754967,30,63,136,15
690,8,M,6,1.166666667,0.176470588,3,17,1991,2004,14,1994,NA,NA,NA,NA,1.875,5,1,6,2
135,66,M,97,1.762886598,0.330592105,2412,7296,1991,2018,28,1999,2003,2003,4,12,3.590909091,16,17,61,5
366,99,M,170,1.452941176,0.259098566,5076,19591,1981,2018,38,1989,1989,1997,8,16,3.505050505,12,46,87,12
522,76,M,103,1.660194175,0.526358696,5811,11040,1993,2018,26,1993,1997,1998,5,5,3.25,21,30,69,7
433,7,M,24,1.208333333,0.934338953,2106,2254,1991,2018,28,1991,1992,1994,3,3,5.142857143,1,4,7,0
375,145,M,241,1.98340249,0.198943179,8697,43716,1981,2018,38,1982,1983,1983,1,2,4.296551724,15,102,143,2
133,100,M,167,2.05988024,0.387089399,10158,26242,1982,2018,37,1982,1994,1997,15,15,4.44,14,38,99,1
830,46,M,70,1.657142857,0.368657505,1395,3784,1989,2018,30,1993,1993,1995,2,6,3.52173913,9,13,38,8
887,4,F,10,1.1,0.936802974,252,269,1992,2006,15,1992,1994,NA,NA,NA,3.75,1,2,4,0
598,55,M,120,2.183333333,0.335037175,4326,12912,1990,2018,29,1990,1994,1995,5,5,5.763636364,14,12,55,0
777,10,M,13,1.384615385,0.678947368,129,190,1991,2014,24,1992,2003,2014,22,23,2.8,4,3,9,1
239,25,F,26,1.846153846,0.373517787,189,506,1992,2017,26,1995,1995,1999,4,7,2.92,10,6,24,1
502,8,M,11,1.727272727,0.455357143,51,112,1983,1997,15,1983,1985,1993,10,10,3.375,1,5,8,0
705,45,M,38,1.815789474,0.201176471,171,850,1985,2011,27,1990,1995,1995,5,10,2.555555556,5,18,35,10
341,98,M,143,1.748251748,0.327954589,5142,15679,1986,2018,33,1990,1990,1991,1,5,3.551020408,20,28,89,9
880,100,M,169,2.136094675,0.280234986,5772,20597,1987,2018,32,1994,1997,2001,7,14,4.61,13,45,92,8
745,20,M,31,1.774193548,0.397826087,366,920,1998,2011,14,1998,2003,2004,6,6,3.9,4,5,19,1
5,170,M,180,2.827777778,0.196977343,7416,37649,1983,2018,36,1991,1992,1993,2,10,3.994117647,17,55,145,25
305,98,M,113,3.053097345,0.209098009,2142,10244,1999,2018,20,2001,2004,2005,4,6,4.520408163,12,48,98,0
79,6,F,8,2.125,0.683168317,69,101,1997,2002,6,2002,NA,NA,NA,NA,3.833333333,3,1,6,0
666,11,M,14,2.714285714,0.591973244,177,299,1994,2007,14,1999,2002,NA,NA,NA,4.454545455,0,2,11,0
232,30,M,32,1.6875,0.340028694,237,697,1990,2018,29,1993,1997,1999,6,9,2.833333333,13,7,25,5
793,12,F,12,2.25,0.495,99,200,2000,2018,19,NA,NA,NA,NA,NA,3.25,10,0,12,0
224,30,M,88,1.477272727,0.344375963,2235,6490,1996,2018,23,2001,2007,2008,7,12,5.333333333,11,6,30,0
732,54,M,101,1.336633663,0.473200127,4476,9459,1998,2018,21,2002,2012,2013,11,15,3.5,21,8,43,11
738,76,M,190,1.531578947,0.283915117,7800,27473,1988,2018,31,2004,2006,2006,2,18,4.828947368,14,28,70,6
516,86,M,113,1.610619469,0.233716026,1995,8536,1987,2018,32,1988,1988,1994,6,7,3.127906977,23,33,73,13
719,109,M,260,1.642307692,0.242472767,11508,47461,1983,2018,36,1983,1985,1986,3,3,4.917431193,12,41,103,6
756,24,M,23,1.956521739,0.247159091,87,352,1994,2016,23,1994,1995,1995,1,1,2.875,6,6,22,2
203,165,M,336,1.794642857,0.150178987,10572,70396,1986,2016,31,1992,1992,1992,0,6,4.654545455,4,73,165,0
519,75,F,100,2.41,0.320097527,2757,8613,1987,2018,32,1993,1994,1996,3,9,4.213333333,17,16,68,7
378,78,F,120,2.1,0.291951014,3123,10697,1998,2018,21,2000,2001,2001,1,3,4.230769231,19,16,75,3
284,18,F,32,2.0625,0.546212648,786,1439,1994,2017,24,2006,2007,2008,2,14,4.666666667,5,8,17,1
107,148,M,295,2.013559322,0.211883354,13173,62171,1987,2018,32,1994,1996,1996,2,9,5.013513514,23,55,139,9
752,21,M,33,2.090909091,0.442246331,693,1567,2004,2017,14,2004,2008,2011,7,7,4.285714286,6,3,20,1
846,45,F,37,3.027027027,0.32859175,462,1406,1989,2016,28,1989,1991,1998,9,9,3.488888889,5,14,41,4
567,30,M,37,1.351351351,0.263919822,237,898,1985,2017,33,1994,1994,1996,2,11,2.666666667,7,13,25,5
235,53,F,105,2.114285714,0.341073583,3393,9948,1993,2017,25,1995,1996,2000,5,7,5.188679245,13,6,53,0
486,31,M,66,1.772727273,0.502036067,2589,5157,1996,2017,22,1999,2000,2000,1,4,4.774193548,3,7,31,0
500,133,F,155,2.84516129,0.202509332,3906,19288,1982,2018,37,1982,1983,1989,7,7,4.315789474,9,81,131,2
858,3,M,4,1,0.8,12,15,1997,2005,9,NA,NA,NA,NA,NA,2.333333333,2,0,2,1
124,246,M,237,2.860759494,0.256415535,11211,43722,1984,2018,35,1991,1992,1993,2,9,3.756097561,32,113,218,28
409,67,F,92,2.923913043,0.273871062,2808,10253,1995,2018,24,2004,2004,2012,8,17,5.014925373,8,3,66,1
548,3,F,3,1.666666667,1,12,12,2000,2004,5,NA,NA,NA,NA,NA,2.666666667,2,0,3,0
547,107,M,208,1.778846154,0.279612201,8883,31769,1990,2017,28,1992,1993,1993,1,3,4.429906542,15,39,106,1
583,53,M,144,1.590277778,0.212125515,2988,14086,2003,2018,16,2005,2005,2005,0,2,5.320754717,2,19,53,0
300,4,M,2,2.5,1,3,3,1996,2003,8,2000,2003,NA,NA,NA,2.25,1,2,3,1
487,41,F,58,2.413793103,0.297040971,783,2636,1998,2018,21,2004,2006,2007,3,9,4.414634146,7,17,41,0
4,3,F,5,1.8,1,60,60,1997,2002,6,NA,NA,NA,NA,NA,4,0,0,2,1
52,12,M,31,1.322580645,0.923749007,3489,3777,1986,2016,31,1987,1996,NA,NA,NA,4.416666667,5,2,11,1
597,100,M,182,2.714285714,0.349801574,10401,29734,1987,2018,32,1987,2004,2005,18,18,5.95,6,27,100,0
448,18,F,130,1.176923077,0.510285375,8583,16820,1997,2017,21,1997,NA,NA,NA,NA,9.5,2,1,18,0
808,15,F,27,1.62962963,0.401538462,261,650,1992,2018,27,1996,2010,2011,15,19,3.933333333,7,3,15,0
227,5,F,9,1.222222222,0.658536585,54,82,1997,2010,14,NA,NA,NA,NA,NA,3.2,2,0,4,1
198,172,F,218,3.275229358,0.249117033,12414,49832,1982,2018,37,1987,1989,1989,2,7,5.151162791,20,86,169,3
391,55,M,79,1.746835443,0.270625567,1194,4412,1983,2018,36,1984,1985,1985,1,2,3.509090909,15,21,52,3
18,43,F,58,2.155172414,0.26803014,747,2787,1996,2018,23,2007,2008,2009,2,13,3.906976744,9,17,43,0
609,88,M,153,2.588235294,0.337040858,7515,22297,1993,2018,26,1996,1997,1998,2,5,5.5,16,16,88,0
816,69,F,100,2.13,0.27122807,2319,8550,1997,2018,22,2002,2002,2002,0,5,4.086956522,8,43,66,3
351,68,M,83,2.421686747,0.27504685,1908,6937,1995,2017,23,2003,2005,2005,2,10,3.955882353,17,32,66,2
695,110,M,123,2.390243902,0.402646911,5598,13903,1993,2018,26,1993,1993,1996,3,3,3.672727273,27,51,102,8
19,33,F,65,1.876923077,0.38515343,1707,4432,1987,2018,32,2004,2007,2007,3,20,4.696969697,8,12,32,1
740,62,M,99,2.161616162,0.380840204,5820,15282,1984,2017,34,1989,1989,1992,3,8,4.451612903,10,9,58,4
589,63,M,66,2.772727273,0.315343099,1227,3891,1997,2018,22,1998,1998,2000,2,3,3.952380952,26,13,61,2
879,135,M,147,2.56462585,0.152725699,2118,13868,1988,2018,31,1990,1990,1991,1,3,3.792592593,22,72,132,3
98,14,F,12,2.416666667,0.545454545,108,198,1992,2000,9,1992,1993,1994,2,2,3.071428571,0,9,14,0
252,126,M,212,2.089622642,0.216783217,7998,36894,1980,2018,39,1988,1989,1989,1,9,4.515873016,6,58,119,7
417,76,M,51,2.098039216,0.169950739,276,1624,1981,2017,37,1982,1989,1992,10,11,2.407894737,28,16,55,21
709,31,F,41,2.048780488,0.454385965,777,1710,1988,2007,20,1988,1990,1990,2,2,3.709677419,9,8,30,1
542,57,F,123,1.577235772,0.332627617,4242,12753,1995,2018,24,1995,1998,2002,7,7,4.403508772,22,8,52,5
626,139,M,94,3.265957447,0.308779443,2163,7005,1980,2013,34,1980,1984,1986,6,6,3.208633094,14,99,134,5
16,145,F,450,1.833333333,0.22570293,33618,148948,1989,2018,30,1989,1998,2000,11,11,6.689655172,18,37,138,7
841,68,M,199,1.67839196,0.34226613,11814,34517,1998,2018,21,2005,2006,2010,5,12,5.911764706,19,10,65,3
449,20,M,57,1.50877193,0.40196389,1269,3157,1997,2018,22,1997,2006,2008,11,11,5.3,2,4,20,0
801,56,F,82,1.756097561,0.180517711,795,4404,1980,2017,38,1980,1983,1984,4,4,3.571428571,5,22,56,0
629,6,M,23,1.52173913,0.850236967,1794,2110,1994,2011,18,1994,NA,NA,NA,NA,6.833333333,0,1,6,0
613,38,M,72,2.194444444,0.468266753,2907,6208,1993,2017,25,2010,2011,2012,2,19,5.157894737,4,8,32,6
552,82,M,117,2.726495726,0.461421416,7278,15773,1990,2018,29,1994,1996,1997,3,7,4.890243902,18,19,82,0
145,20,M,42,1.142857143,0.642040038,1347,2098,1993,2018,26,1993,1999,2005,12,12,3.4,5,4,17,3
623,70,M,79,1.898734177,0.201871996,798,3953,1985,2018,34,1996,1998,2000,4,15,3.142857143,8,35,63,7
602,13,F,16,1.3125,0.589958159,141,239,1992,2017,26,1992,1998,2016,24,24,2.615384615,2,3,10,3
550,139,M,123,1.699186992,0.288482938,3111,10784,1987,2018,32,1991,1994,1994,3,7,2.510791367,30,15,76,63
578,48,F,69,1.739130435,0.570473538,3072,5385,1996,2014,19,2000,2006,2006,6,10,3.5,16,23,47,1
419,24,F,69,1.405797101,0.456738216,2064,4519,1996,2018,23,1998,NA,NA,NA,NA,5.041666667,9,1,24,0
209,4,F,5,1,0.428571429,6,14,1997,2006,10,1999,2006,NA,NA,NA,2.25,1,2,3,1
711,4,M,2,3,1,3,3,1997,1999,3,1997,1998,1999,2,2,2.5,0,3,4,0
706,4,M,2,2.5,1,3,3,1994,1999,6,1994,1999,NA,NA,NA,2.25,2,2,4,0
520,11,M,13,1.307692308,0.25,24,96,1984,2016,33,2016,NA,NA,NA,NA,2.454545455,9,1,10,1
714,8,M,5,2.6,0.652173913,15,23,1996,2002,7,1996,2000,2001,5,5,2.625,5,3,8,0
779,68,M,42,2.333333333,0.119760479,120,1002,1981,2003,23,1981,1982,1982,1,1,2.441176471,9,46,65,3
681,51,M,67,1.791044776,0.338948591,1167,3443,1990,2018,29,1997,2002,2002,5,12,3.352941176,19,13,44,7
216,17,F,29,1.689655172,0.590909091,585,990,1998,2013,16,2004,2011,2013,9,15,3.882352941,6,3,15,2
686,39,M,37,2.297297297,0.378444581,618,1633,1993,2017,25,2004,2008,2011,7,18,3.179487179,15,4,32,7
218,10,F,21,1.666666667,0.577702703,342,592,1998,2009,12,NA,NA,NA,NA,NA,4.5,4,0,8,2
10,28,M,46,1.239130435,0.153652393,183,1191,1999,2018,20,1999,2000,2005,6,6,3.035714286,4,11,25,3
689,56,M,73,2,0.265770708,969,3646,1981,2017,37,1987,1987,1991,4,10,3.589285714,8,26,51,5
136,74,M,174,1.586206897,0.339162562,8262,24360,1997,2018,22,2003,2004,2004,1,7,4.72972973,17,36,72,2
498,12,F,10,1.1,0.267857143,15,56,1993,2012,20,2003,NA,NA,NA,NA,1.916666667,6,1,8,4
900,29,M,10,2.1,0.226415094,12,53,1991,2017,27,1996,NA,NA,NA,NA,1.724137931,12,1,15,14
667,45,M,113,1.814159292,0.277424967,3189,11495,1998,2017,20,2002,2002,2002,0,4,5.555555556,1,20,44,1
206,4,M,5,1.4,0.714285714,15,21,1988,2004,17,1998,2004,NA,NA,NA,2.75,2,2,4,0
847,4,F,5,1.2,0.882352941,30,34,1995,2004,10,NA,NA,NA,NA,NA,2.5,2,0,3,1
495,16,M,11,2.363636364,0.495145631,51,103,1981,2008,28,1991,1993,NA,NA,NA,2.625,5,2,14,2
696,9,M,9,2.111111111,0.696428571,78,112,1989,2002,14,NA,NA,NA,NA,NA,3.111111111,4,0,9,0
621,39,M,30,1.6,0.343239227,231,673,1991,2017,27,1998,1999,1999,1,8,2.230769231,7,12,25,14
526,61,F,62,2.451612903,0.205039696,594,2897,1986,2018,33,1986,1990,1992,6,6,3.491803279,3,28,60,1
187,74,M,153,2.235294118,0.413472706,11748,28413,1991,2018,28,1991,1992,1995,4,4,5.662162162,16,33,72,2
313,48,M,144,1.5,0.517183336,11061,21387,1998,2018,21,1998,1999,2000,2,2,5.5,14,11,45,3
529,44,M,52,1.923076923,0.365384615,855,2340,1985,2016,32,1988,1992,1993,5,8,3.272727273,5,15,32,12
804,17,M,7,5.857142857,0.675,54,80,1983,2005,23,1983,1984,1985,2,2,3.411764706,3,11,17,0
472,43,M,54,1.481481481,0.188811189,324,1716,1984,2018,35,1996,1997,1999,3,15,2.837209302,14,14,42,1
510,12,M,28,1.142857143,0.546218487,390,714,1993,2018,26,2005,2016,2018,13,25,3.666666667,5,3,10,2
901,101,M,126,1.738095238,0.24981454,2694,10784,1984,2018,35,1992,1993,1997,5,13,3.168316832,19,52,91,10
386,17,F,20,2.15,0.446991404,156,349,1993,2018,26,NA,NA,NA,NA,NA,3.529411765,7,0,17,0
778,231,M,471,3.1507431,0.207626022,50526,243351,1995,2018,24,1996,1999,2001,5,6,7.437229437,9,144,229,2
149,20,F,36,1.333333333,0.700283286,1236,1765,1996,2018,23,2003,2007,2007,4,11,3.4,11,6,19,1
350,4,M,9,1.444444444,0.633802817,45,71,2002,2008,7,NA,NA,NA,NA,NA,4.25,0,0,4,0
720,291,M,401,2.513715711,0.195279729,23184,118722,1985,2018,34,1995,1996,1996,1,11,4.463917526,35,162,257,34
648,6,M,7,1.714285714,0.461538462,24,52,1988,1992,5,1992,1992,NA,NA,NA,3,3,2,6,0
75,71,M,62,3.548387097,0.304750305,1251,4105,1991,2017,27,1991,1996,1996,5,5,4.098591549,23,26,71,0
893,23,M,19,1.894736842,0.368852459,90,244,1994,2017,24,1997,2001,2006,9,12,2.565217391,13,4,19,4
821,28,M,48,1.854166667,0.418831169,903,2156,1992,2016,25,2003,2003,2007,4,15,4.178571429,5,8,26,2
921,107,M,250,2.1,0.262286344,14271,54410,1987,2018,32,1991,1991,1994,3,7,5.906542056,7,35,107,0
904,134,M,121,3.066115702,0.24217835,2895,11954,1987,2018,32,1993,1994,1994,1,7,3.776119403,24,54,132,2
867,60,M,176,1.642045455,0.333156156,8775,26339,1993,2018,26,1993,1998,2002,9,9,5.816666667,9,12,58,2
30,66,M,81,2.234567901,0.365726681,2529,6915,1985,2017,33,1985,1996,1997,12,12,3.742424242,7,50,65,1
169,31,F,63,1.444444444,0.404692082,1380,3410,1989,2017,29,1991,1992,1992,1,3,3.967741935,6,10,30,1
283,21,M,36,1.416666667,0.496932515,648,1304,1980,2016,37,1996,2001,2002,6,22,3.428571429,1,6,16,5
471,60,M,111,2.036036036,0.408068113,6039,14799,1983,2017,35,1988,1991,1993,5,10,4.766666667,9,17,56,4
649,8,M,10,1.6,0.576923077,75,130,1984,2004,21,1987,1991,2001,14,17,3,0,4,6,2
251,119,M,89,3.337078652,0.450274977,3930,8728,1983,2018,36,1989,1993,1994,5,11,3.495798319,34,20,95,24
55,100,F,177,1.350282486,0.226440576,4527,19992,1989,2018,30,1991,1992,1998,7,9,3.39,15,33,87,13
21,16,F,21,1.619047619,0.418604651,162,387,1981,2016,36,2008,2009,2012,4,31,3.125,5,6,14,2
556,91,M,170,1.7,0.230983159,4485,19417,1996,2018,23,2003,2007,2007,4,11,4.175824176,20,47,87,4
257,182,M,266,2.394736842,0.227025324,12972,57139,1982,2018,37,1982,1985,1988,6,6,4.5,28,82,176,6
328,9,F,39,1.153846154,0.684416219,1401,2047,1995,2018,24,2006,2009,2009,3,14,6,1,4,8,1
654,46,M,57,1.596491228,0.222599418,459,2062,1992,2017,26,1992,1997,1998,6,6,2.97826087,10,27,44,2
505,112,M,118,2.855932203,0.33496572,4446,13273,1985,2017,33,1993,1993,1994,1,9,4.008928571,23,63,108,4
750,27,F,25,2.52,0.490909091,297,605,1992,2017,26,1995,1996,1998,3,6,3.333333333,2,7,22,5
839,69,M,106,1.698113208,0.250375632,1833,7321,1993,2017,25,2000,2000,2003,3,10,3.608695652,20,23,62,7
596,63,F,108,2.194444444,0.215031056,1731,8050,1986,2018,33,2001,2010,2010,9,24,4.761904762,9,14,63,0
469,167,M,231,2.12987013,0.195851809,6846,34955,1985,2018,34,1989,1989,1990,1,5,3.946107784,18,77,160,7
874,31,M,90,1.655555556,0.484275184,3942,8140,1992,2018,27,1994,1995,1997,3,5,5.806451613,1,8,31,0
749,60,M,69,2.15942029,0.214797136,720,3352,1989,2018,30,1994,1994,1996,2,7,3.483333333,6,27,60,0
116,54,M,60,1.983333333,0.256745363,609,2372,1983,2018,36,1984,1985,1989,5,6,3.203703704,7,18,50,4
918,92,M,123,1.617886179,0.165367122,1527,9234,1990,2018,29,1994,1994,1996,2,6,3.163043478,14,43,79,13
155,69,M,98,1.969387755,0.509417304,5193,10194,1991,2018,28,1991,1995,1996,5,5,3.797101449,9,39,65,4
680,34,M,87,1.563218391,0.541001065,4572,8451,1989,2018,30,1997,1998,NA,NA,NA,5,14,2,32,2
757,134,M,134,2.052238806,0.226257669,2766,12225,1983,2017,35,1985,1988,1991,6,8,3.059701493,25,77,121,13
717,35,M,29,1.586206897,0.14379085,66,459,1991,2018,28,1991,2010,2011,20,20,2.314285714,17,11,33,2
668,40,M,67,1.179104478,0.270805369,807,2980,1980,2018,39,1984,1986,1991,7,11,2.975,13,13,31,9
575,4,F,8,1.75,0.72815534,75,103,1995,2001,7,1995,2001,NA,NA,NA,4.5,0,2,4,0
138,18,M,25,2.2,0.550684932,402,730,1993,2016,24,1993,1999,1999,6,6,4.055555556,4,7,17,1
132,17,F,42,1.619047619,0.608757062,1293,2124,1998,2018,21,NA,NA,NA,NA,NA,5,1,0,13,4
65,85,M,91,3.10989011,0.445496675,4422,9926,1991,2014,24,1995,1997,1998,3,7,4.329411765,15,42,82,3
765,125,M,150,2.706666667,0.26277264,5313,20219,1991,2018,28,1998,1999,1999,1,8,4.248,14,60,121,4
611,15,M,25,1.92,0.517663043,381,736,1995,2013,19,1997,2003,NA,NA,NA,4.066666667,3,2,15,0
327,24,M,70,1.514285714,0.535574837,4938,9220,1981,2015,35,1996,2003,2014,18,33,5.416666667,7,3,23,1
183,39,F,75,1.773333333,0.358186398,2133,5955,1996,2018,23,2006,2013,2014,8,18,4.41025641,10,8,39,0
665,13,F,10,1.5,0.434782609,30,69,1998,2005,8,NA,NA,NA,NA,NA,2.153846154,4,0,8,5
459,5,F,6,3.333333333,1,105,105,1996,1999,4,NA,NA,NA,NA,NA,5,0,0,5,0
172,83,M,257,1.875486381,0.342002449,29325,85745,1997,2018,22,2002,2003,2005,3,8,6.807228916,17,21,83,0
316,21,M,40,1.875,0.838504937,3567,4254,1990,2006,17,2002,2005,NA,NA,NA,4.571428571,8,2,20,1
477,3,F,3,1.666666667,1,12,12,1992,1995,4,NA,NA,NA,NA,NA,2.666666667,1,0,2,1
271,32,F,74,1.662162162,0.492434663,3222,6543,1996,2018,23,2013,NA,NA,NA,NA,4.84375,8,1,32,0
332,3,F,5,1.2,0.714285714,15,21,2005,2006,2,2005,NA,NA,NA,NA,3,1,1,3,0
201,79,M,94,1.765957447,0.191879267,1068,5566,1987,2017,31,1989,1990,1991,2,4,3.101265823,11,39,72,7
658,44,M,80,1.5375,0.211654226,879,4153,1984,2017,34,1986,1989,2007,21,23,3.795454545,23,10,41,3
803,259,M,329,2.325227964,0.197174704,15549,78859,1980,2018,39,1995,1995,1996,1,16,3.953667954,28,150,248,11
481,46,F,61,1.573770492,0.283816425,705,2484,1997,2018,22,1998,2003,2006,8,9,3.086956522,3,25,40,6
429,4,M,8,1.125,0.789473684,60,76,1997,2009,13,1997,NA,NA,NA,NA,3.75,1,1,3,1
610,63,M,80,1.55,0.249009093,1068,4289,1989,2018,30,1994,1995,1999,5,10,2.968253968,12,26,55,8
713,27,M,89,1.325842697,0.368081181,2394,6504,2007,2018,12,2018,NA,NA,NA,NA,5.37037037,8,1,27,0
890,11,M,13,2.692307692,0.636690647,177,278,1993,2007,15,1998,2000,NA,NA,NA,4.181818182,2,2,11,0
395,7,M,15,1.533333333,0.557142857,117,210,1998,2013,16,1998,NA,NA,NA,NA,4.571428571,2,1,7,0
625,5,M,3,2,0.6,3,5,1994,1997,4,NA,NA,NA,NA,NA,2.2,5,0,5,0
926,7,F,5,1.4,0.428571429,6,14,1999,2010,12,1999,NA,NA,NA,NA,2,3,1,5,2
647,129,M,131,2.923664122,0.217815291,2658,12203,1989,2018,30,1991,1992,1994,3,5,3.953488372,19,23,124,5
543,85,M,108,2.277777778,0.326643251,3255,9965,1986,2018,33,1989,1991,1995,6,9,3.894117647,23,17,77,8
768,77,M,285,1.589473684,0.261907735,16782,64076,1996,2018,23,1996,1998,1999,3,3,6.883116883,6,12,76,1
322,13,M,14,2.071428571,0.573913043,132,230,1996,2017,22,1996,2014,NA,NA,NA,3.230769231,3,2,12,1
576,64,M,106,2.066037736,0.429384336,5433,12653,1992,2018,27,1994,1996,1998,4,6,4.421875,21,12,60,4
731,22,M,28,2,0.485136742,408,841,1996,2013,18,1998,2002,2002,4,6,3.545454545,10,3,20,2
440,24,F,25,2.32,0.511293634,498,974,1997,2008,12,1997,1997,1999,2,2,3.416666667,1,14,24,0
321,17,M,20,1.7,0.533834586,213,399,1991,1998,8,1996,1996,NA,NA,NA,3,4,2,13,4
188,73,F,115,1.634782609,0.349933346,3675,10502,1984,2018,35,1984,1989,1991,7,7,3.575342466,17,29,60,13
2,6,M,8,1.5,0.4375,21,48,1997,2003,7,2003,NA,NA,NA,NA,3,4,1,6,0
860,78,M,163,1.625766871,0.244080646,4443,18203,1982,2018,37,1984,1985,1991,7,9,4.397435897,8,30,78,0
398,95,F,156,1.980769231,0.281498243,5847,20771,1995,2018,24,1996,2008,2008,12,13,4.252631579,23,38,94,1
330,76,M,60,2.366666667,0.212121212,504,2376,1989,2018,30,2001,2001,2002,1,13,2.868421053,16,46,67,9
763,4,M,6,2,0.777777778,42,54,1994,2002,9,2002,NA,NA,NA,NA,4,1,1,4,0
348,123,M,214,2.261682243,0.318689856,12717,39904,1985,2018,34,1985,1992,1993,8,8,4.93495935,23,51,115,8
579,95,F,156,2.442307692,0.262137283,5610,21401,1995,2018,24,1999,2003,2004,5,9,5.010526316,10,35,92,3
746,24,F,24,1.375,0.688073394,600,872,1984,2018,35,2010,2013,2014,4,30,2.375,6,5,12,12
633,19,M,40,1.075,0.693945128,1467,2114,1990,2009,20,1997,NA,NA,NA,NA,3.263157895,5,1,11,8
920,69,M,85,1.776470588,0.225515464,1050,4656,1993,2018,26,1997,1999,2003,6,10,3.188405797,19,21,58,11
868,23,F,36,1.222222222,0.301775148,255,845,1996,2017,22,1996,NA,NA,NA,NA,2.913043478,7,1,17,6
848,24,M,43,1.720930233,0.776966748,2874,3699,1986,2017,32,1999,1999,1999,0,13,4.083333333,5,11,24,0
476,294,M,283,2.409893993,0.120085818,6045,50339,1987,2018,32,1988,1992,1993,5,6,3.319727891,63,135,271,23
885,54,F,26,2.230769231,0.182741117,72,394,1981,2015,35,1986,1991,1992,6,11,2.074074074,13,28,41,13
470,119,M,163,2.18404908,0.198220465,3609,18207,1985,2018,34,1985,1985,1991,6,6,3.991596639,27,60,113,6
710,8,F,12,2.083333333,0.52293578,114,218,1996,2001,6,NA,NA,NA,NA,NA,4.5,5,0,8,0
527,120,F,183,2.404371585,0.281583508,9261,32889,1985,2018,34,1987,1992,1994,7,9,4.666666667,20,45,110,10
281,105,M,185,1.902702703,0.174200611,3819,21923,1998,2018,21,2002,2008,2008,6,10,4.371428571,12,49,97,8
129,5,F,1,5,NA,0,NA,1997,1999,3,1999,NA,NA,NA,NA,2,4,1,5,0
370,234,M,312,2.621794872,0.167590445,11127,66394,1991,2018,28,1993,2000,2000,7,9,4.495726496,20,93,215,19
406,143,F,164,2.603658537,0.19469599,3612,18552,1994,2018,25,1994,2002,2002,8,8,3.986013986,25,51,135,8
269,173,M,197,3.106598985,0.249506766,8979,35987,1992,2018,27,1993,1995,2000,7,8,4.537572254,34,87,164,9
95,29,M,21,1.714285714,0.402985075,135,335,1989,2016,28,1992,1995,1996,4,7,2.24137931,6,10,21,8
408,32,F,70,1.9,0.388401888,1728,4449,1992,2014,23,2008,2010,2014,6,22,5.15625,6,3,31,1
38,168,M,207,2.748792271,0.234368283,9813,41870,1984,2018,35,1985,1986,1987,2,3,4.386904762,28,95,163,5
415,17,F,27,1.962962963,0.681130172,675,991,1988,2013,26,1989,1990,1991,2,3,4.117647059,4,6,17,0
445,79,M,85,1.905882353,0.152234637,654,4296,1982,2017,36,1983,1990,2000,17,18,3.037974684,16,39,69,10
454,22,F,68,1.794117647,0.644428773,4569,7090,1994,2016,23,1996,1998,NA,NA,NA,6.545454545,5,2,22,0
465,166,F,159,3.201257862,0.168602722,3048,18078,1993,2018,26,1996,1997,1997,1,4,4.06626506,12,85,165,1
774,57,M,56,3.714285714,0.441561988,1617,3662,1994,2018,25,1994,1994,1995,1,1,4.649122807,8,12,57,0
632,196,M,133,3.187969925,0.193739948,3132,16166,1980,2018,39,1981,1982,1984,3,4,3.163265306,62,57,178,18
635,160,M,173,1.98265896,0.129960872,2325,17890,1988,2018,31,1988,1990,1991,3,3,3.15,44,53,149,11
277,3,M,7,1.142857143,0.863013699,63,73,1990,1999,10,1990,NA,NA,NA,NA,3.666666667,0,1,3,0
753,201,M,202,4.044554455,0.376265615,17169,45630,1981,2018,38,1982,1983,1985,3,4,5.064676617,55,62,187,14
299,30,M,54,2.351851852,0.495958854,2700,5444,1998,2018,21,1998,2009,2010,12,12,5.233333333,9,7,30,0
369,9,M,6,3.833333333,0.826086957,57,69,1990,1996,7,1990,1991,NA,NA,NA,3.555555556,1,2,7,2
791,13,M,61,1.540983607,0.711488251,4905,6894,1993,2017,25,1994,2012,NA,NA,NA,8.230769231,3,2,13,0
869,29,M,60,1.683333333,0.565878774,2418,4273,1990,2018,29,1993,1994,1994,1,4,4.482758621,11,5,26,3
319,25,M,37,2.108108108,0.499188312,615,1232,1986,2010,25,1986,1992,2000,14,14,4.12,7,12,24,1
790,42,F,157,1.770700637,0.459776384,15174,33003,1993,2016,24,2009,2010,2011,2,18,7.619047619,12,3,42,0
807,16,M,6,7,0.814285714,57,70,1994,2009,16,2005,2009,NA,NA,NA,3.625,4,2,16,0
423,95,M,159,2.06918239,0.251745998,4686,18614,1987,2018,32,1987,1989,1991,4,4,4.452631579,8,26,93,2
405,198,F,255,3.376470588,0.184187389,11103,60281,1983,2018,36,1992,1992,1994,2,11,5.348484848,10,68,195,3
655,43,M,23,2.47826087,0.313043478,108,345,1982,2010,29,1984,1986,1987,3,5,2.325581395,11,19,38,5
335,15,M,20,1.55,0.643340858,285,443,1987,2014,28,1987,1991,1994,7,7,3.066666667,6,5,15,0
508,9,M,13,1.692307692,0.567857143,159,280,1996,2008,13,1996,2002,2003,7,7,3.444444444,2,4,7,2
6,91,M,115,2.4,0.522560336,8964,17154,1986,2018,33,1992,1995,1995,3,9,4.032967033,20,28,77,14
761,24,M,16,3.8125,0.660550459,216,327,1994,2015,22,2000,NA,NA,NA,NA,3.541666667,17,1,24,0
64,41,M,67,2.089552239,0.335345054,1278,3811,1993,2017,25,2003,2005,2006,3,13,4.414634146,11,5,41,0
786,111,M,164,1.951219512,0.206233525,3990,19347,1991,2018,28,2002,2003,2004,2,13,3.891891892,22,53,95,16
835,4,F,17,1,0.968838527,1368,1412,1984,2014,31,NA,NA,NA,NA,NA,5.25,1,0,3,1
911,119,M,92,2.880434783,0.253281478,1563,6171,1980,2018,39,1980,1994,1995,15,15,3.260504202,9,86,119,0
380,112,M,180,1.672222222,0.142820735,2802,19619,1986,2018,33,1991,1996,1999,8,13,3.6875,23,44,108,4
347,143,M,176,2.090909091,0.231828615,4848,20912,1986,2018,33,1995,1995,1997,2,11,3.587412587,15,84,140,3
530,119,M,173,1.89017341,0.314462866,6999,22257,1980,2018,39,1981,1984,1984,3,4,3.74789916,4,61,114,5
653,47,M,288,1.649305556,0.281174455,41523,147677,1996,2018,23,2010,2014,2016,6,20,11.10638298,3,4,47,0
463,103,F,97,2.412371134,0.474879771,4641,9773,1990,2018,29,1995,1998,2002,7,12,3.27184466,21,57,96,7
68,209,M,380,2.234210526,0.184708709,18909,102372,1984,2018,35,1988,1988,1991,3,7,5.062200957,8,103,193,16
362,124,M,162,2.277777778,0.187759623,3390,18055,1984,2018,35,1991,1994,1995,4,11,3.975806452,31,42,120,4
407,121,M,177,2.062146893,0.399499458,10695,26771,1984,2017,34,1984,1990,1991,7,7,4.016528926,37,56,118,3
660,94,F,155,2.122580645,0.332559974,7167,21551,1988,2017,30,1988,1990,1991,3,3,4.5,15,46,91,3
828,3,M,2,2.5,1,3,3,1994,1995,2,1995,NA,NA,NA,NA,2.666666667,2,1,3,0
788,163,M,98,5.724489796,0.284980062,3216,11285,1987,2018,32,1987,1992,1993,6,6,4.441717791,45,65,161,2
919,18,M,22,1.5,0.567567568,252,444,1982,2017,36,1993,1994,1994,1,12,2.833333333,1,8,12,6
905,5,M,12,1.166666667,0.518181818,57,110,1997,2008,12,NA,NA,NA,NA,NA,3.8,2,0,5,0
111,167,F,216,2.578703704,0.246107423,12234,49710,1981,2018,38,1984,1987,1988,4,7,4.335329341,31,74,156,11
168,102,F,126,2.523809524,0.206961854,2295,11089,1991,2018,28,1993,1994,1995,2,4,4.117647059,18,56,100,2
309,23,M,69,1.768115942,0.682964302,7557,11065,1990,2018,29,1990,1994,1997,7,7,6.304347826,2,6,19,4
411,10,M,12,1.833333333,0.836538462,261,312,1999,2006,8,1999,1999,NA,NA,NA,3.2,7,2,10,0
540,24,F,29,1.413793103,0.220238095,111,504,1989,2018,30,1989,1991,1996,7,7,2.708333333,9,7,22,2
414,40,M,54,1.611111111,0.226354942,426,1882,1981,2018,38,1995,1996,1996,1,15,3.175,11,7,33,7
694,80,M,130,2.246153846,0.438335307,7773,17733,1981,2017,37,1990,1991,1994,4,13,4.65,10,33,77,3
33,78,M,204,1.509803922,0.255511207,8322,32570,1997,2018,22,2000,2003,2004,4,7,4.948717949,17,25,76,2
231,76,M,68,2.470588235,0.184810952,567,3068,1995,2018,24,1996,1999,2001,5,6,3.210526316,21,27,74,2
121,48,F,126,1.325396825,0.539954001,9156,16957,1993,2018,26,2000,2002,2002,2,9,4.479166667,14,16,44,4
130,15,M,29,1.275862069,0.820168067,1464,1785,1993,2010,18,1995,2001,2002,7,9,3.466666667,8,4,14,1
91,45,M,102,1.745098039,0.310095363,2829,9123,1994,2018,25,1994,1994,1998,4,4,4.955555556,10,16,45,0
286,30,M,19,2.631578947,0.316981132,84,265,1984,2008,25,1985,1988,1990,5,6,2.666666667,3,20,27,3
160,37,M,49,2.326530612,0.415984185,1473,3541,1985,2016,32,1989,1991,1991,2,6,4.081081081,11,11,37,0
131,8,M,4,4.75,1,30,30,1994,2002,9,1994,1995,NA,NA,NA,3.375,2,2,7,1
586,20,M,29,1.75862069,0.372994652,279,748,1996,2006,11,1996,1998,1998,2,2,3.55,6,6,19,1
866,33,M,62,1.596774194,0.314296108,864,2749,1995,2017,23,2005,2006,2006,1,11,4,7,14,33,0
151,95,M,131,1.900763359,0.30166842,4014,13306,1989,2018,30,1993,1993,1995,2,6,3.621052632,20,37,88,7
434,107,M,200,2.315,0.277230381,10326,37247,1987,2018,32,1993,1998,1998,5,11,5.345794393,10,49,105,2
293,6,F,15,1.4,0.580985915,165,284,1994,2014,21,2006,2008,NA,NA,NA,4.5,2,2,6,0
210,11,M,12,1.166666667,0.533898305,63,118,1989,2000,12,1989,1995,1995,6,6,2.272727273,3,5,9,2
782,59,F,91,2.142857143,0.214990479,1242,5777,1998,2018,21,2003,2004,2008,5,10,4.322033898,17,21,56,3
545,57,M,112,1.785714286,0.326293873,3291,10086,1997,2018,22,2001,2002,2004,3,7,4.50877193,10,28,57,0
27,5,M,18,1.166666667,0.680672269,324,476,2007,2015,9,NA,NA,NA,NA,NA,5.2,0,0,5,0
242,98,F,140,2.321428571,0.202796163,2727,13447,1997,2018,22,2000,2000,2001,1,4,4.316326531,16,25,95,3
143,90,M,120,1.783333333,0.395840184,4815,12164,1988,2018,31,1992,1993,1996,4,8,3.377777778,15,46,87,3
364,14,M,10,1.7,0.5,36,72,1989,2015,27,2015,NA,NA,NA,NA,2.214285714,5,1,9,5
650,32,M,52,1.846153846,0.377127892,864,2291,1989,2010,22,2002,2003,2007,5,18,4,21,3,32,0
899,22,M,30,1.633333333,0.412087912,300,728,1991,2017,27,1994,2000,2005,11,14,3.227272727,9,6,22,0
432,12,F,31,1.258064516,0.377952756,288,762,1993,2017,25,1998,2006,2017,19,24,4.25,2,3,12,0
915,6,M,8,2.125,0.830188679,132,159,1989,1999,11,1989,NA,NA,NA,NA,3.833333333,2,1,5,1
684,34,F,54,1.537037037,0.542542866,1677,3091,1988,2018,31,1998,2005,2008,10,20,3.441176471,15,7,33,1
836,6,F,4,2.5,0.545454545,6,11,1993,2004,12,1997,2001,NA,NA,NA,2.666666667,4,2,6,0
24,85,M,127,2.023622047,0.287774295,3672,12760,1990,2015,26,1996,1997,1997,1,7,4.023529412,30,30,79,6
876,23,M,50,1.6,0.470178494,1080,2297,1998,2017,20,2011,2014,NA,NA,NA,4.47826087,5,2,23,0
452,25,F,38,1.815789474,0.360443623,390,1082,1988,2018,31,1990,1990,1990,0,2,3.76,8,10,23,2
197,61,M,51,2.117647059,0.247335951,441,1783,1993,2017,25,1998,2004,2006,8,13,2.770491803,25,17,54,7
113,14,M,26,1.884615385,0.585908529,474,809,2003,2014,12,2010,2012,2013,3,10,4.5,6,3,14,0
593,58,M,71,3.070422535,0.493971869,4425,8958,1988,2018,31,1988,1993,1994,6,6,4.75862069,8,19,58,0
388,22,M,23,2.782608696,0.532075472,282,530,1993,2016,24,1995,1995,1997,2,4,3.909090909,8,5,21,1
336,175,M,154,2.61038961,0.254371495,4626,18186,1990,2018,29,1996,1998,1999,3,9,3.297142857,43,94,162,13
211,30,M,54,1.425925926,0.449776786,1209,2688,1987,2016,30,1987,1987,1989,2,2,3.566666667,9,11,28,2
3,103,M,110,2.1,0.202987361,1590,7833,1987,2018,32,1989,1990,1990,1,3,3.242718447,12,50,96,7
205,14,F,30,1.433333333,0.731145251,1047,1432,2003,2017,15,2010,2013,2013,3,10,4.071428571,4,4,14,0
627,10,F,9,1.444444444,0.712871287,72,101,1989,2005,17,2005,NA,NA,NA,NA,2.3,3,1,6,4
194,147,F,195,1.948717949,0.266076673,6885,25876,1981,2018,38,1985,1992,1995,10,14,3.585034014,15,83,142,5
718,54,F,42,2.928571429,0.306666667,414,1350,1987,2018,32,1993,1996,1996,3,9,3.277777778,11,30,50,4
775,15,M,29,1.586206897,0.579681275,582,1004,1989,2016,28,2003,2003,2006,3,17,4.066666667,2,6,14,1
262,5,F,7,1.571428571,0.724137931,42,58,1991,1995,5,NA,NA,NA,NA,NA,3.2,3,0,5,0
533,47,M,38,2.289473684,0.377838954,549,1453,1988,2018,31,1999,2004,2005,6,17,2.85106383,7,26,36,11
104,67,M,74,2.459459459,0.305943691,1467,4795,1989,2018,30,1989,1989,1989,0,0,3.71641791,16,21,66,1
161,93,M,199,1.67839196,0.372856762,12591,33769,1989,2017,29,1992,1993,1994,2,5,4.591397849,14,51,86,7
60,13,F,32,1.65625,0.867360645,2583,2978,1994,2018,25,1994,1998,NA,NA,NA,5.076923077,7,2,13,0
256,74,M,107,1.813084112,0.22791587,1788,7845,1994,2018,25,1999,2003,2003,4,9,3.635135135,6,49,68,6
845,59,M,86,2.290697674,0.348162476,2340,6721,1993,2018,26,2004,2004,2004,0,11,4.338983051,14,22,57,2
570,15,F,15,1.333333333,0.28057554,39,139,1986,2017,32,1993,NA,NA,NA,NA,2.333333333,9,1,11,4
164,75,M,61,2.049180328,0.243930636,633,2595,1993,2018,26,1994,2002,2003,9,10,2.68,11,32,59,16
685,18,F,29,2.310344828,0.828172205,2193,2648,1997,2014,18,2002,2006,NA,NA,NA,4.722222222,4,2,18,0
355,214,M,233,3.519313305,0.25352322,10236,40375,1988,2018,31,1988,1996,1996,8,8,4.831775701,29,44,207,7
888,90,M,105,1.942857143,0.277798718,2211,7959,1989,2018,30,2000,2001,2003,3,14,3.266666667,21,47,79,11
553,33,M,48,1.458333333,0.310216718,501,1615,1985,2017,33,1986,1987,1991,5,6,3.121212121,12,7,29,4
600,56,M,87,2.206896552,0.347291761,2289,6591,1984,2018,35,1996,1996,1998,2,14,4.428571429,1,30,51,5
624,35,F,58,1.5,0.42140825,1185,2812,1998,2018,21,2000,2000,2009,9,11,3.485714286,16,16,34,1
857,36,M,54,1.907407407,0.358000775,924,2581,1990,2018,29,1990,1990,1991,1,1,4.222222222,12,9,36,0
167,18,M,4,4,0.6,9,15,1983,1994,12,1990,NA,NA,NA,NA,1.888888889,11,1,12,6
435,8,M,13,2.230769231,0.608391608,174,286,2000,2011,12,NA,NA,NA,NA,NA,4.625,1,0,8,0
493,113,M,96,2.572916667,0.151471122,834,5506,1986,2018,33,1990,1991,1991,1,5,3.185840708,42,38,112,1
8,36,F,44,1.886363636,0.483064096,927,1919,1993,2013,21,2001,2003,2008,7,15,3.305555556,18,4,30,6
345,71,M,129,2.356589147,0.31664933,5175,16343,1995,2018,24,1995,1999,2000,5,5,5.281690141,14,25,71,0
773,76,M,136,1.948529412,0.269388669,3609,13397,1987,2018,32,1988,1993,1997,9,10,4.486842105,5,26,75,1
400,6,F,11,1.272727273,0.722891566,120,166,1996,2014,19,NA,NA,NA,NA,NA,3.333333333,4,0,6,0
851,101,M,61,1.950819672,0.313483146,837,2670,1988,2017,30,1991,1992,1992,1,4,2.178217822,41,26,71,30
455,6,F,4,1,0.6,6,10,1996,2016,21,2016,NA,NA,NA,NA,1.666666667,1,1,2,4
739,107,M,101,2.099009901,0.287077312,2046,7127,1982,2018,37,1984,1987,1990,6,8,2.981308411,15,63,106,1
898,116,M,156,2.474358974,0.355013288,7347,20695,1982,2018,37,1989,1992,1993,4,11,4.327586207,7,42,113,3
240,18,M,26,1.346153846,0.691370558,681,985,1999,2013,15,2011,NA,NA,NA,NA,2.944444444,3,1,10,8
294,18,M,32,1.53125,0.420986094,333,791,1985,2017,33,1992,1995,2003,11,18,3.722222222,3,3,16,2
93,39,F,51,1.490196078,0.495757576,1227,2475,1990,2017,28,1990,1992,1992,2,2,2.948717949,7,20,34,5
189,45,M,63,2.063492063,0.291373802,912,3130,1989,2017,29,2000,2001,2002,2,13,3.888888889,24,7,44,1
285,24,M,29,2.862068966,0.864963504,2133,2466,1982,2007,26,1982,1987,1994,12,12,4.458333333,7,6,24,0
202,269,M,312,2.224358974,0.131475342,7614,57912,1988,2018,31,1988,1990,1992,4,4,3.579925651,30,168,254,15
287,13,M,8,1.75,0.642857143,36,56,1990,1997,8,1990,1991,1993,3,3,2.076923077,4,5,9,4
907,12,F,24,1.291666667,0.8921875,1713,1920,1996,2016,21,1996,NA,NA,NA,NA,3.583333333,6,1,9,3
243,116,M,129,1.875968992,0.36412754,4785,13141,1983,2018,36,1988,1989,1992,4,9,3.068965517,28,53,96,20
569,6,F,20,1.3,0.932975871,1392,1492,1996,2014,19,1998,NA,NA,NA,NA,5.333333333,2,1,6,0
420,9,M,8,1.625,0.608695652,42,69,1988,2007,20,1989,2005,NA,NA,NA,2.444444444,4,2,7,2
927,99,F,80,3.4375,0.286265858,1557,5439,1983,2017,35,1987,1989,1989,2,6,3.777777778,6,63,99,0
580,7,M,10,1.2,0.76056338,108,142,2001,2016,16,2008,NA,NA,NA,NA,2.714285714,4,1,6,1
605,141,M,192,1.958333333,0.136130924,3111,22853,1992,2018,27,1999,2000,2001,2,9,3.666666667,32,74,137,4
852,4,F,9,1.111111111,0.757894737,72,95,1994,2012,19,1995,2004,NA,NA,NA,3.5,1,2,4,0
692,32,F,203,1.369458128,0.464775161,21705,46700,1994,2018,25,1994,1995,2014,20,20,9.6875,8,5,32,0
34,121,F,142,2.267605634,0.258426238,3987,15428,1983,2018,36,1983,1985,1992,9,9,3.669421488,13,62,116,5
824,311,M,181,3,0.1597818,3222,20165,1986,2018,33,1989,1990,1990,1,4,2.745980707,65,159,281,30
421,7,F,25,1.04,0.904538341,1734,1917,1994,2000,7,NA,NA,NA,NA,NA,4.714285714,3,0,5,2
712,86,F,116,2.379310345,0.343406593,3750,10920,1987,2018,32,1987,1992,1998,11,11,4.220930233,5,46,80,6
270,8,F,3,2.333333333,0,0,NA,1985,1994,10,1991,NA,NA,NA,NA,1.875,6,1,7,1
371,88,M,269,1.903345725,0.285173512,17553,61552,1996,2018,23,2005,2006,2009,4,13,6.818181818,5,19,86,2
678,10,M,10,2.7,0.71641791,144,201,1987,2006,20,1987,1988,1999,12,12,3.7,1,5,10,0
357,22,F,39,1.666666667,0.377586207,438,1160,1996,2011,16,2001,2002,2004,3,8,3.954545455,3,7,21,1
193,99,F,109,2.743119266,0.35688592,5556,15568,1989,2018,30,1997,2001,2001,4,12,4.02020202,29,32,97,2
827,49,F,64,2.203125,0.215906319,885,4099,1993,2018,26,1998,2002,2013,15,20,3.87755102,14,10,46,3
511,44,M,36,1.527777778,0.097201767,66,679,1985,2018,34,1988,1991,1996,8,11,2.25,13,18,38,6
276,8,M,10,1.6,0.794701987,120,151,1991,2009,19,1991,1991,1992,1,1,3,1,5,8,0
376,47,F,49,2.142857143,0.186138614,282,1515,1995,2018,24,2004,2004,2004,0,9,3.234042553,4,29,44,3
450,134,M,199,2.613065327,0.252103641,9078,36009,1986,2018,33,1988,1991,1993,5,7,4.880597015,16,82,130,4
374,8,F,14,1.285714286,0.735177866,186,253,1990,2008,19,NA,NA,NA,NA,NA,3.375,6,0,8,0
599,44,M,53,1.660377358,0.270413574,510,1886,1993,2018,26,1998,2001,2003,5,10,3,11,13,42,2
31,93,F,136,1.970588235,0.225777173,2985,13221,1994,2018,25,1996,1997,1999,3,5,3.88172043,21,44,88,5
279,170,M,301,2.641196013,0.182660596,13680,74893,1988,2018,31,1988,1989,1993,5,5,5.676470588,45,53,169,1
110,4,F,10,1.2,0.849056604,135,159,1991,1996,6,NA,NA,NA,NA,NA,4,3,0,4,0
204,24,F,48,1.4375,0.463425716,1020,2201,1987,2018,32,1987,1999,2007,20,20,3.875,4,8,20,4
80,14,M,29,1.310344828,0.465057179,366,787,1995,2010,16,1995,1995,2007,12,12,3.714285714,2,3,14,0
174,11,F,13,1.923076923,0.683168317,207,303,1993,2011,19,1994,1997,2000,6,7,3.272727273,5,3,11,0
267,79,M,98,1.93877551,0.472719337,4332,9164,1984,2018,35,2001,2004,2004,3,20,3.405063291,13,26,56,23
795,120,M,180,1.805555556,0.183069713,3750,20484,1981,2018,38,1981,1981,1984,3,3,3.708333333,37,43,117,3
437,34,F,56,1.982142857,0.284107402,783,2756,1997,2018,22,2010,NA,NA,NA,NA,4.264705882,16,1,34,0
884,3,M,4,1.25,0.6,6,10,1988,2017,30,1988,1989,2017,29,29,2.666666667,0,3,3,0
870,168,M,88,1.818181818,0.179843614,828,4604,1984,2018,35,1985,1985,1992,7,8,1.946428571,8,40,70,98
562,93,M,137,2.96350365,0.503337345,13800,27417,1984,2018,35,1997,1999,2000,3,16,5.365591398,12,40,86,7
219,82,M,159,1.65408805,0.382517933,8319,21748,1982,2017,36,1983,1983,1996,13,14,4.207317073,14,33,78,4
853,46,M,47,2.255319149,0.330038676,768,2327,1991,2018,28,2000,2006,2012,12,21,3.326086957,12,5,41,5
318,40,M,45,1.377777778,0.664079823,1797,2706,1986,2017,32,1998,2000,2002,4,16,2.55,9,13,26,14
446,58,M,147,1.823129252,0.425473281,10653,25038,1990,2017,28,1996,1997,2000,4,10,5.620689655,9,19,57,1
800,4,F,14,2,0.896661367,564,629,1995,1998,4,NA,NA,NA,NA,NA,8,0,0,4,0
584,6,M,24,1.166666667,0.931034483,2079,2233,1995,2008,14,NA,NA,NA,NA,NA,5.666666667,1,0,6,0
307,76,F,109,1.990825688,0.16598116,1251,7537,1991,2018,28,2000,2003,2005,5,14,3.881578947,19,35,74,2
843,6,M,3,3,0.75,6,8,1989,1994,6,1993,NA,NA,NA,NA,2.5,3,1,6,0
702,4,M,5,1.6,0.692307692,18,26,1998,2009,12,2009,2009,NA,NA,NA,3,1,2,4,0
585,33,F,90,1.677777778,0.447884417,3906,8721,2006,2018,13,2016,NA,NA,NA,NA,5.575757576,12,1,32,1
431,9,F,6,2.333333333,0.48,12,25,1986,2014,29,NA,NA,NA,NA,NA,2.555555556,6,0,8,1
329,63,M,158,1.85443038,0.393013575,10857,27625,1992,2018,27,2000,2003,2003,3,11,5.650793651,8,16,63,0
427,66,F,126,2.404761905,0.349954995,7776,22220,1989,2018,30,1993,1993,1993,0,4,5.590909091,13,31,66,0
217,306,M,303,4.03630363,0.199043285,15354,77139,1989,2018,30,1990,1994,1995,5,6,4.996732026,18,146,305,1
32,203,M,236,1.940677966,0.115555009,3756,32504,1981,2018,38,1984,1985,1987,3,6,3.256157635,25,128,193,10
755,80,M,57,2.736842105,0.261809448,654,2498,1981,2017,37,1981,1984,1986,5,5,2.95,22,40,79,1
47,94,M,199,1.703517588,0.34455211,11343,32921,1991,2018,28,1992,1998,1999,7,8,4.606382979,28,25,85,9
806,177,M,181,2.541436464,0.153446034,3186,20763,1987,2017,31,1994,1994,1995,1,8,3.604519774,21,86,174,3
517,15,M,21,1.714285714,0.530612245,234,441,1998,2018,21,1999,NA,NA,NA,NA,3.4,5,1,12,3
401,6,M,18,1.111111111,0.820476858,585,713,1993,1998,6,NA,NA,NA,NA,NA,4.333333333,1,0,4,2
140,13,M,21,1.095238095,0.4,126,315,1985,2013,29,1990,1998,2006,16,21,2.769230769,3,6,10,3
392,69,M,90,2.266666667,0.288254562,1848,6411,1991,2018,28,1995,1996,1997,2,6,3.956521739,10,28,61,8
917,75,F,96,2.65625,0.307822985,3624,11773,1985,2014,30,1985,1988,1992,7,7,4.426666667,15,23,69,6
715,43,M,88,1.795454545,0.325987456,1923,5899,1984,2018,35,1990,1997,2000,10,16,4.674418605,3,11,41,2
126,51,M,104,1.471153846,0.306271643,2388,7797,1995,2018,24,1995,1996,2007,12,12,4,11,12,42,9
41,97,M,81,2.037037037,0.127456187,480,3766,1982,2018,37,1985,1985,1989,4,7,2.701030928,23,50,85,12
87,8,M,6,1.166666667,0.409090909,9,22,1992,2003,12,1992,NA,NA,NA,NA,1.875,1,1,4,4
708,8,M,11,1.909090909,0.509433962,54,106,1993,2008,16,NA,NA,NA,NA,NA,3.625,2,0,8,0
368,49,M,77,1.597402597,0.31652013,1368,4322,1984,2018,35,1996,1997,2001,5,17,3.530612245,8,25,43,6
119,34,F,61,1.737704918,0.65569488,3765,5742,1980,2018,39,1980,1982,1983,3,3,4.117647059,3,6,29,5
258,16,F,20,1.65,0.541984733,213,393,1996,2017,22,1996,2008,2009,13,13,3.0625,5,5,15,1
51,81,F,148,1.871621622,0.258707621,4464,17255,1992,2018,27,1995,2005,2005,10,13,4.419753086,16,33,80,1
185,127,F,143,2.293706294,0.15690147,2145,13671,1994,2018,25,1998,1999,1999,1,5,3.582677165,19,69,125,2
180,6,F,9,1.444444444,0.553846154,36,65,1993,2012,20,1994,NA,NA,NA,NA,3.166666667,3,1,6,0
568,9,F,5,1.4,0.25,3,12,1987,2006,20,1990,2006,NA,NA,NA,1.777777778,4,2,6,3
913,8,M,28,1.25,0.579124579,516,891,1995,2017,23,NA,NA,NA,NA,NA,5.375,3,0,8,0
707,103,M,138,2.753623188,0.360017845,7263,20174,1992,2018,27,1996,1997,1998,2,6,4.689320388,26,43,99,4
290,5,M,18,1.388888889,0.849557522,1056,1243,1994,2008,15,2006,NA,NA,NA,NA,6,0,1,4,1
39,17,M,19,2.263157895,0.44092219,153,347,1994,2002,9,2002,2002,NA,NA,NA,3.529411765,6,2,16,1
494,58,F,106,1.481132075,0.285289171,2205,7729,1983,2018,36,1987,1988,1988,1,5,3.724137931,3,25,55,3
699,43,F,93,2.032258065,0.380028093,2976,7831,1982,2018,37,2003,2005,2006,3,24,5.395348837,3,22,43,0
881,58,M,114,1.771929825,0.334875302,3330,9944,1982,2014,33,1982,1984,1999,17,17,4.482758621,6,34,55,3
84,92,F,193,2.160621762,0.338519135,12207,36060,1989,2018,30,2004,2008,2009,5,20,5.532608696,16,18,89,3
742,80,M,55,2.345454545,0.157627119,279,1770,1987,2018,32,1991,1992,1994,3,7,2.6125,14,46,71,9
683,56,M,68,1.882352941,0.199646018,564,2825,1986,2017,32,1986,1993,1993,7,7,3.285714286,2,34,54,2
22,46,M,73,2.136986301,0.402771142,2529,6279,1993,2017,25,1994,1994,2004,10,11,4.391304348,14,10,46,0
311,19,M,37,1.702702703,0.678707224,2142,3156,1987,2018,32,1987,1995,1999,12,12,4.315789474,5,6,18,1
200,66,M,93,2.129032258,0.246191646,1503,6105,1983,2017,35,1991,1995,1996,5,13,4,10,27,65,1
20,3,F,3,1.666666667,0.75,6,8,1996,2002,7,NA,NA,NA,NA,NA,2.666666667,3,0,3,0
674,44,F,126,1.73015873,0.433377685,6840,15783,1992,2018,27,1994,2002,2002,8,10,5.795454545,8,12,41,3
343,9,F,11,1.909090909,0.5,57,114,1993,2016,24,1997,1997,2003,6,10,3.333333333,6,3,9,0
730,90,F,107,1.887850467,0.216084392,1905,8816,1983,2018,36,1983,1989,1996,13,13,3.244444444,36,25,88,2
389,5,M,11,1.545454545,0.868902439,285,328,2000,2018,19,NA,NA,NA,NA,NA,5.8,0,0,5,0
137,15,M,26,1.538461538,0.408284024,207,507,1985,2001,17,1993,1994,1995,2,10,3.666666667,2,4,13,2
288,30,M,42,1.523809524,0.335446686,582,1735,1985,2018,34,2000,2016,NA,NA,NA,3.133333333,16,2,23,7
735,48,M,104,1.740384615,0.349828179,3054,8730,1994,2018,25,1994,2002,2005,11,11,4.770833333,11,14,47,1
882,120,M,148,2.256756757,0.185121637,3021,16319,1981,2014,34,1984,1987,1988,4,7,3.783333333,16,68,111,9
863,135,M,158,2.626582278,0.201143535,3729,18539,1985,2018,34,1985,1986,2001,16,16,4.074074074,24,43,130,5
150,91,M,103,2.184466019,0.163200723,1083,6636,1992,2018,27,2000,2002,2002,2,10,3.472527473,25,37,83,8
581,180,M,131,3.854961832,0.291373915,4935,16937,1987,2018,32,1997,2003,2003,6,16,3.805555556,68,69,169,11
669,25,F,9,1.111111111,0.532258065,33,62,1983,2004,22,1985,NA,NA,NA,NA,1.4,4,1,6,19
934,55,F,69,2.028985507,0.368072976,1614,4385,1983,2017,35,1990,1995,1996,6,13,3.545454545,14,22,47,8
108,9,M,1,1,NA,0,NA,1991,2000,10,NA,NA,NA,NA,NA,1.111111111,1,0,1,8
323,51,M,52,1.673076923,0.172523962,270,1565,1992,2018,27,2002,2007,2008,6,16,2.705882353,21,11,42,9
25,55,M,74,1.716216216,0.427114322,2010,4706,1991,2018,28,1991,1996,2003,12,12,3.309090909,17,26,49,6
99,37,F,42,1.333333333,0.261101243,294,1126,1985,2017,33,1996,1997,1999,3,14,2.513513514,11,19,35,2
823,62,M,117,1.863247863,0.249367889,2367,9492,1994,2018,25,1995,1997,2006,11,12,4.516129032,5,20,62,0
521,4,F,15,1.266666667,0.872164948,423,485,1999,2008,10,NA,NA,NA,NA,NA,5.75,0,0,4,0
254,293,M,268,2.5,0.098010352,4128,42118,1980,2018,39,1981,1981,1982,1,2,3.28668942,43,150,277,16
196,25,F,20,2.25,0.375,126,336,1991,2013,23,1994,2005,2007,13,16,2.88,7,9,23,2
928,128,M,98,3.091836735,0.216758004,1503,6934,1986,2018,33,1990,1991,1994,4,8,3.375,12,84,123,5
560,41,F,69,1.536231884,0.47785764,2061,4313,1984,2016,33,2000,2006,2006,6,22,3.585365854,10,3,31,10
92,29,M,50,1.88,0.515789474,1323,2565,1995,2017,23,2001,2004,2006,5,11,4.24137931,4,8,28,1
325,19,F,41,1.634146341,0.578439965,1320,2282,1993,2017,25,2014,2015,2016,2,23,4.526315789,5,4,19,0
760,163,M,124,4.040322581,0.429074036,8415,19612,1987,2018,32,1998,1998,1998,0,11,4.073619632,48,55,151,12
767,77,M,124,1.774193548,0.228221598,2274,9964,1991,2017,27,1998,1999,1999,1,8,3.857142857,8,40,74,3
250,35,M,53,1.830188679,0.395733566,909,2297,1991,2018,28,1992,1994,1998,6,7,3.771428571,11,7,31,4
229,43,M,84,1.821428571,0.258639706,1407,5440,1996,2018,23,2005,2007,2011,6,15,4.558139535,7,12,41,2
691,6,M,9,1.777777778,0.542857143,57,105,1999,2007,9,NA,NA,NA,NA,NA,3.666666667,1,0,6,0
384,25,M,49,1.469387755,0.530952381,1338,2520,1990,2016,27,2000,2009,2012,12,22,3.88,5,3,20,5
139,20,M,62,1.677419355,0.644897537,6231,9662,1994,2013,20,1999,2000,2004,5,10,6.2,3,3,20,0
842,59,M,108,1.768518519,0.219842165,1755,7983,1989,2018,30,1994,1996,1999,5,10,4.237288136,7,18,54,5
672,3,F,4,1.75,0.789473684,15,19,1994,1999,6,NA,NA,NA,NA,NA,3.333333333,3,0,3,0
697,163,M,293,2.395904437,0.323448103,27027,83559,1989,2018,30,1989,1991,1992,3,3,5.306748466,21,80,156,7
303,57,M,79,3.341772152,0.501705321,4413,8796,1998,2018,21,2010,2012,2013,3,15,5.631578947,14,6,57,0
46,52,M,99,1.494949495,0.273448372,1965,7186,1988,2018,31,1997,1999,2000,3,12,3.884615385,17,26,49,3
812,111,M,175,1.782857143,0.206209101,4065,19713,1992,2018,27,1996,1998,2001,5,9,3.810810811,18,49,101,10
620,122,M,204,2.401960784,0.300984983,11184,37158,1998,2018,21,1998,1999,1999,1,1,5.016393443,20,50,121,1
671,36,F,49,1.612244898,0.409954751,906,2210,1986,2018,33,1986,1989,2002,16,16,3.194444444,16,8,30,6
418,13,F,23,1.565217391,0.692777213,681,983,1994,2006,13,1994,2003,NA,NA,NA,3.769230769,6,2,13,0
751,235,M,576,1.923611111,0.13159215,27540,209283,1993,2018,26,1999,2001,2002,3,9,5.714893617,28,87,233,2
833,18,M,31,1.322580645,0.443857332,336,757,1999,2018,20,2007,2007,2008,1,9,3.277777778,5,11,18,0
120,3,F,11,1,0.949868074,360,379,1994,2002,9,NA,NA,NA,NA,NA,4.666666667,2,0,3,0
877,118,F,91,2.230769231,0.172353962,894,5187,1982,2018,37,1982,1992,1993,11,11,2.720338983,27,48,95,23
571,326,M,383,2.838120104,0.125232925,12030,96061,1988,2018,31,1990,1993,1994,4,6,4.340490798,23,123,320,6
872,8,F,7,1.714285714,0.7,42,60,1993,1998,6,1993,1994,NA,NA,NA,2.5,3,2,6,2
14,22,M,26,2.307692308,0.478308026,441,922,1997,2018,22,2016,2017,NA,NA,NA,3.727272727,9,2,22,0
594,9,F,17,1.117647059,0.854271357,510,597,1990,2018,29,1993,1995,1999,6,9,3.111111111,1,3,6,3
929,69,F,83,2.168674699,0.326314195,2154,6601,1992,2018,27,1993,1996,1998,5,6,3.623188406,17,33,63,6
512,12,F,23,1.347826087,0.791061453,708,895,1995,2008,14,1998,2001,2006,8,11,3.583333333,4,5,10,2
186,149,M,208,2.283653846,0.211806091,6864,32407,1986,2018,33,1989,1989,1995,6,9,4.187919463,16,60,146,3
354,120,M,153,2.104575163,0.282840679,5301,18742,1988,2018,31,1993,1993,1994,1,6,3.683333333,17,78,117,3
559,21,F,47,1.872340426,0.603768199,2115,3503,1998,2016,19,2011,2013,NA,NA,NA,5.19047619,4,2,19,2
72,153,M,220,2.327272727,0.226754786,8955,39492,1987,2018,32,1990,1990,1994,4,7,4.352941176,10,94,143,10
855,15,M,17,1.823529412,0.447916667,129,288,1982,2007,26,1985,1988,2000,15,18,3.066666667,4,3,14,1
923,38,F,43,2.744186047,0.420353982,855,2034,1992,2013,22,1992,1992,1995,3,3,4.105263158,3,10,34,4
127,114,F,308,1.607142857,0.193142089,12927,66930,1981,2018,38,1988,1989,1991,3,10,5.342105263,5,68,112,2
12,57,M,54,2.722222222,0.303762192,654,2153,1998,2018,21,2005,2008,2008,3,10,3.578947368,21,20,54,3
387,269,M,335,4.008955224,0.209135458,26844,128357,1989,2018,30,1990,1995,1995,5,6,5.992565056,90,96,266,3
582,18,F,48,1.625,0.653782895,3180,4864,1995,2018,24,NA,NA,NA,NA,NA,5.333333333,7,0,18,0
924,9,M,4,2.75,0.545454545,6,11,1987,1998,12,1987,1989,1993,6,6,2.222222222,3,6,9,0
182,22,F,43,1.720930233,0.578713969,1305,2255,1995,2015,21,1999,1999,2000,1,5,4.363636364,15,3,22,0
758,35,M,112,1.598214286,0.560523233,8613,15366,1995,2014,20,1996,1998,1999,3,4,6.114285714,9,7,34,1
688,121,F,128,2.4296875,0.189202825,2250,11892,1989,2017,29,1994,1996,1996,2,7,3.570247934,15,54,106,15
17,53,M,109,1.28440367,0.389171975,3666,9420,1983,2018,36,1993,1995,1996,3,13,3.641509434,24,6,44,9
677,5,F,7,1.428571429,0.512195122,21,41,1996,2000,5,1996,1997,NA,NA,NA,3,2,2,5,0
339,38,F,37,1.27027027,0.229665072,192,836,1981,2018,38,1999,2002,2004,5,23,2.236842105,7,13,23,15
646,23,M,17,1.294117647,0.121621622,18,148,1984,2011,28,1984,1990,1991,7,7,1.956521739,4,6,14,9
436,9,M,10,2,0.582733813,81,139,1990,2000,11,1990,1991,1995,5,5,3.222222222,1,5,9,0
514,52,F,76,2.302631579,0.439277652,2919,6645,1992,2018,27,2008,2010,2011,3,19,4.365384615,18,11,51,1
499,67,M,186,2.010752688,0.285424056,8289,29041,1994,2018,25,1999,2005,2007,8,13,6.582089552,4,15,67,0
363,35,M,69,1.797101449,0.546102904,3216,5889,1993,2017,25,1994,1994,1994,0,1,4.542857143,9,7,32,3
564,43,M,81,1.666666667,0.408115749,2454,6013,2000,2018,19,2006,2007,2008,2,8,4.139534884,9,20,40,3
1,28,M,58,1.827586207,0.577207696,2340,4054,1988,2017,30,1993,2000,2001,8,13,4.785714286,7,5,28,0
513,50,F,90,1.655555556,0.406932118,3393,8338,1986,2018,33,1994,1995,2003,9,17,3.98,5,18,43,7
554,54,M,44,1.681818182,0.420948617,639,1518,1994,2015,22,1995,1996,1999,4,5,2.37037037,24,10,42,12
428,7,M,11,2.272727273,0.564516129,105,186,1999,2018,20,2000,NA,NA,NA,NA,4.571428571,0,1,7,0
199,8,M,9,1.888888889,0.552631579,42,76,1995,2000,6,1997,NA,NA,NA,NA,3.125,4,1,8,0
574,26,M,62,2.274193548,0.570891089,2883,5050,1993,2018,26,1995,1997,1997,2,4,6.423076923,4,4,26,0
42,107,M,254,2.177165354,0.318834326,19212,60257,1997,2018,22,2003,2006,2007,4,10,6.168224299,36,41,107,0
834,43,F,89,1.921348315,0.350649351,3051,8701,1994,2018,25,1994,1998,1998,4,4,4.976744186,14,11,42,1
464,43,M,71,1.521126761,0.597584457,3414,5713,1989,2018,30,1994,1994,1995,1,6,3.511627907,4,18,37,6
383,9,M,3,3.333333333,0.6,3,5,1995,2003,9,NA,NA,NA,NA,NA,2.111111111,8,0,9,0
125,5,F,8,1.875,0.677419355,63,93,1999,2008,10,NA,NA,NA,NA,NA,4,3,0,5,0
536,91,M,108,2.462962963,0.283097241,2658,9389,1992,2018,27,1994,2000,2004,10,12,3.923076923,11,62,88,3
883,30,M,52,1.923076923,0.518928363,1782,3434,1984,2011,28,1996,2000,2003,7,19,4.333333333,2,6,28,2
628,95,M,102,2.62745098,0.378196188,4881,12906,1986,2016,31,1995,1998,2000,5,14,3.821052632,22,27,93,2
729,62,F,43,2.093023256,0.202846975,228,1124,1989,2018,30,1989,1995,1998,9,9,2.451612903,16,35,59,3
894,9,M,16,1.9375,0.608606557,297,488,1996,2017,22,2009,2010,NA,NA,NA,4.444444444,1,2,8,1
404,50,M,127,1.921259843,0.446458685,8472,18976,1989,2018,30,1989,1991,1992,3,3,5.88,6,6,50,0
338,25,M,24,1.791666667,0.2890625,111,384,1985,2015,31,1991,1994,1995,4,10,2.72,4,10,22,3
896,5,M,11,1.636363636,0.757281553,156,206,1994,2011,18,1998,NA,NA,NA,NA,4.6,1,1,5,0
873,28,M,105,1.238095238,0.598067916,8172,13664,1987,2017,31,1990,1991,2008,18,21,5.642857143,7,6,25,3
53,61,F,77,1.896103896,0.47789054,2637,5518,1981,2017,37,1996,2002,2004,8,23,3.393442623,19,16,45,16
438,52,F,68,1.705882353,0.194873596,555,2848,1983,2016,34,1991,1993,1993,2,10,3.230769231,17,12,52,0
106,58,M,57,2.175438596,0.392787142,1002,2551,1981,2018,38,1984,1994,1995,11,14,3.137931034,7,26,50,8
245,13,M,13,1.461538462,0.731707317,180,246,1983,2008,26,NA,NA,NA,NA,NA,2.461538462,10,0,11,2
181,68,M,144,1.861111111,0.312810905,4842,15479,1992,2018,27,1995,1995,1996,1,4,4.941176471,7,34,65,3
727,115,M,128,1.8671875,0.143733112,1383,9622,1980,2017,38,1980,1984,1987,7,7,3.07826087,22,52,106,9
603,73,M,97,1.835051546,0.357433408,2724,7621,1995,2018,24,1998,1998,2005,7,10,3.438356164,8,35,67,6
535,20,M,38,1.842105263,0.400317712,504,1259,1998,2018,21,2005,2017,2017,12,19,4.5,8,4,20,0
480,75,M,80,2.3375,0.247572816,1479,5974,1993,2018,26,1999,2001,2006,7,13,3.493333333,21,27,68,7
861,104,M,247,1.769230769,0.321121852,15480,48206,1991,2018,28,1995,2000,2000,5,9,5.211538462,15,25,101,3
854,184,M,228,2.013157895,0.189885496,6567,34584,1987,2018,32,1993,1994,1995,2,8,3.494565217,14,88,162,22
659,29,M,21,2.047619048,0.202380952,51,252,1988,2017,30,1989,1997,2006,17,18,2.482758621,14,5,25,4
652,233,F,126,4.365079365,0.174070884,2829,16252,1986,2018,33,1990,1995,1995,5,9,3.360515021,38,62,233,0
54,25,M,22,2.090909091,0.412987013,159,385,1993,2016,24,2009,2009,2011,2,18,2.84,9,7,24,1
141,15,M,23,1.347826087,0.462616822,198,428,1992,2011,20,1998,2006,NA,NA,NA,3.066666667,6,2,13,2
467,48,M,52,2.346153846,0.284640676,606,2129,1992,2017,26,1998,2003,2005,7,13,3.541666667,13,14,48,0
892,16,M,28,1.821428571,0.663529412,1128,1700,1997,2018,22,1997,2002,NA,NA,NA,4.1875,9,2,13,3
785,92,M,91,2.340659341,0.259198423,1578,6088,1980,2016,37,1982,1985,1990,8,10,3.347826087,19,21,78,14
266,12,M,33,2.060606061,0.533333333,1416,2655,2012,2017,6,NA,NA,NA,NA,NA,6.666666667,1,0,12,0
118,62,M,179,1.731843575,0.385462036,13098,33980,1993,2018,26,2001,2006,2006,5,13,6,6,31,59,3
356,33,M,50,1.66,0.520360219,1329,2554,1986,2018,33,1986,1998,1998,12,12,3.515151515,3,20,31,2
473,79,M,127,2.905511811,0.335380835,5460,16280,1995,2018,24,2005,2007,2010,5,15,5.670886076,12,12,77,2
670,74,M,45,2.022222222,0.172697368,210,1216,1985,2018,34,1992,1993,1993,1,8,2.22972973,20,20,51,23
360,89,M,86,1.930232558,0.133797909,576,4305,1984,2018,35,1991,1992,1993,2,9,2.865168539,10,63,86,3
190,25,F,32,1.9375,0.384328358,309,804,1982,2014,33,2005,2013,NA,NA,NA,3.48,12,2,23,2
608,14,M,32,1.28125,0.691328078,1140,1649,1988,2017,30,1988,1992,1993,5,5,4.071428571,5,3,13,1
220,27,M,36,2.583333333,0.373509934,564,1510,1994,2007,14,1994,1996,1996,2,2,4.444444444,13,5,27,0
478,54,M,96,1.770833333,0.246726286,1545,6262,1994,2018,25,2002,2004,2007,5,13,4.111111111,4,25,54,0
462,10,M,27,1.296296296,0.748638838,825,1102,1997,2013,17,1997,2000,2001,4,4,4.5,3,5,10,0
263,4,M,26,1,0.803706824,954,1187,1996,2018,23,1996,NA,NA,NA,NA,7.5,0,1,4,0
728,197,M,174,2.08045977,0.220462682,4803,21786,1984,2018,35,1986,1987,1988,2,4,2.837563452,21,119,172,25
273,140,M,240,1.833333333,0.250427124,10407,41557,1989,2018,30,1990,1992,1994,4,5,4.142857143,24,61,132,8
766,13,M,4,2.25,0.8,12,15,1991,2006,16,1995,2003,2004,9,13,1.692307692,2,4,7,6
910,53,M,75,2.026666667,0.295721791,1182,3997,1993,2017,25,1993,1994,1995,2,2,3.867924528,7,19,48,5
501,16,M,28,1.321428571,0.399159664,285,714,1986,2014,29,1996,1996,1999,3,13,3.3125,4,5,13,3
241,69,M,70,1.914285714,0.128541811,372,2894,1995,2018,24,2008,2008,2012,4,17,2.942028986,27,32,69,0
908,63,F,69,2.463768116,0.291540433,1251,4291,1990,2018,29,1999,2004,2005,6,15,3.698412698,14,18,55,8
817,9,M,8,2.875,0.696969697,69,99,1994,2000,7,1995,1999,2000,5,6,3.555555556,5,3,9,0
799,10,M,17,1.705882353,0.597535934,291,487,1994,1996,3,1995,1996,NA,NA,NA,3.9,3,2,10,0
208,91,M,97,1.896907216,0.31327943,2286,7297,1983,2014,32,1991,1992,1992,1,9,3.021978022,14,46,72,19
214,11,F,9,1.666666667,0.352941176,18,51,1992,2008,17,1993,1994,1996,3,4,2.363636364,6,4,11,0
743,14,M,12,3.166666667,0.731707317,210,287,1995,2005,11,1996,1999,NA,NA,NA,3.714285714,10,2,14,0
622,56,M,34,2.382352941,0.21751026,159,731,1983,2018,36,1983,1989,1990,7,7,2.446428571,9,24,47,9
484,135,M,170,2.294117647,0.211136041,4611,21839,1985,2018,34,1985,1993,1993,8,8,3.896296296,8,57,130,5
682,7,M,5,1.2,0.631578947,12,19,2001,2014,14,2014,2014,NA,NA,NA,1.857142857,2,2,4,3
483,10,F,10,1.8,0.475609756,39,82,1996,2006,11,1998,2004,2006,8,10,2.8,5,3,10,0
365,100,M,247,1.955465587,0.289242148,16503,57056,1991,2018,28,1991,1993,1996,5,5,5.83,29,15,94,6
643,7,M,12,1.333333333,0.5,57,114,1985,2018,34,2015,2018,NA,NA,NA,3.285714286,2,2,6,1
492,145,M,133,2.714285714,0.170229406,1959,11508,1995,2018,24,1999,2001,2003,4,8,3.489655172,17,87,138,7
771,149,M,165,2.333333333,0.212446699,3936,18527,1994,2018,25,1997,1999,2002,5,8,3.583892617,24,79,145,4
754,14,M,33,1.121212121,0.589189189,654,1110,1990,2018,29,2005,2015,NA,NA,NA,3.642857143,3,2,10,4
49,37,M,31,1.35483871,0.427994616,318,743,1984,2015,32,1992,1996,1996,4,12,2.108108108,11,13,28,9
96,4,M,4,1.5,0.375,3,8,1996,2007,12,1996,2000,2004,8,8,2.5,0,4,4,0
77,42,M,42,1.428571429,0.129129129,129,999,1989,2018,30,2003,2004,2006,3,17,2.428571429,8,19,34,8
264,7,M,11,1.363636364,0.379746835,30,79,2001,2017,17,2015,2015,2017,2,16,3.142857143,0,3,7,0
796,57,M,94,2.031914894,0.561733229,6456,11493,1982,2018,37,1999,2005,2005,6,23,4.350877193,16,10,48,9
379,22,M,38,1.5,0.529411765,819,1547,1985,2015,31,1995,1996,2001,6,16,3.590909091,1,11,18,4
723,4,F,7,1.285714286,0.696428571,39,56,1990,1999,10,1999,NA,NA,NA,NA,3.25,2,1,4,0
382,8,F,11,1.090909091,0.458823529,39,85,1993,2001,9,NA,NA,NA,NA,NA,2.5,2,0,6,2
236,88,M,66,1.696969697,0.379403794,1260,3321,1986,2018,33,1986,1990,1990,4,4,2.272727273,30,33,68,20
11,212,M,556,1.708633094,0.127928565,24255,189598,1982,2018,37,1986,1987,1988,2,6,5.481132075,18,125,209,3
23,11,M,27,1.037037037,0.400763359,210,524,1991,2012,22,1993,1997,2006,13,15,3.545454545,3,3,10,1
45,11,M,15,1.466666667,0.538461538,126,234,1991,2013,23,1996,2001,NA,NA,NA,3,5,2,9,2
631,23,M,55,1.854545455,0.410805028,1536,3739,2004,2018,15,2005,2006,2014,9,10,5.434782609,1,9,23,0
63,117,M,152,2.460526316,0.299337482,5964,19924,1989,2018,30,1993,1994,1994,1,5,4.222222222,7,66,114,3
249,98,M,135,2.148148148,0.290589818,4104,14123,1987,2018,32,1996,1998,1999,3,12,3.959183673,17,34,87,11
612,3,F,18,1,0.922613065,918,995,1997,2014,18,NA,NA,NA,NA,NA,7,1,0,3,0
274,10,M,3,5.333333333,1,12,12,1995,2006,12,1995,1996,1998,3,3,2.6,4,4,10,0
453,23,M,26,1.384615385,0.367219917,177,482,1980,2015,36,1984,1995,1999,15,19,2.565217391,8,6,18,5
747,35,F,110,1.681818182,0.390024869,5646,14476,2002,2018,17,2007,2009,2012,5,10,6.285714286,5,12,34,1
394,128,M,101,2.158415842,0.215886568,1416,6559,1992,2018,27,1992,1992,1993,1,1,2.703125,27,57,111,17
134,86,F,90,2.277777778,0.258441772,1569,6071,1995,2018,24,2003,2005,2007,4,12,3.38372093,9,49,76,10
837,25,M,19,2.052631579,0.496932515,162,326,1985,2016,32,1991,2000,2005,14,20,2.56,11,4,21,4
737,62,M,165,1.8,0.35556987,8832,24839,1995,2018,24,2002,2004,2004,2,9,5.790322581,12,14,62,0
86,10,M,9,1.222222222,0.319148936,15,47,1990,1995,6,1994,NA,NA,NA,NA,2.1,7,1,8,2
906,68,M,71,1.676056338,0.173756545,531,3056,1983,2018,36,1993,1993,1996,3,13,2.75,14,37,60,8
176,68,M,116,2.948275862,0.51889215,11316,21808,1995,2018,24,1996,2004,2004,8,9,6.029411765,8,21,67,1
442,61,M,106,1.679245283,0.336967632,2967,8805,1985,2018,34,1989,1993,1996,7,11,3.918032787,16,21,59,2
862,122,M,112,2.071428571,0.095224354,660,6931,1980,2018,39,1985,1985,1985,0,5,2.901639344,8,73,119,3
776,75,M,115,1.904347826,0.256109273,2400,9371,1990,2018,29,1990,1995,2002,12,12,3.92,9,37,73,2
76,40,M,43,1.860465116,0.290937997,366,1258,1982,2018,37,1994,1994,1994,0,12,3,10,10,32,8
259,13,F,8,2.375,0.477272727,21,44,1989,1998,10,1989,1993,1994,5,5,2.461538462,8,4,13,0
734,6,M,5,2,0.428571429,6,14,1989,1997,9,1991,1997,NA,NA,NA,2.666666667,1,2,6,0
490,8,M,10,1.6,0.79245283,126,159,1992,1997,6,1992,1993,NA,NA,NA,3,1,2,6,2
794,47,M,58,1.637931034,0.432701574,1347,3113,1980,2017,38,1997,1997,1997,0,17,3.021276596,9,24,40,7
272,29,M,52,1.326923077,0.231949972,408,1759,1983,2018,36,1999,2001,2005,6,22,3.379310345,2,13,28,1
457,9,F,8,1.375,0.774193548,72,93,1997,2017,21,NA,NA,NA,NA,NA,2.222222222,2,0,4,5
604,124,F,119,3.655462185,0.274361448,5403,19693,1988,2018,31,1990,1993,1993,3,5,4.508064516,19,28,124,0
66,13,M,13,1.384615385,0.314285714,33,105,1987,2017,31,1989,2010,2011,22,24,2.384615385,6,3,12,1
587,52,M,140,1.6,0.307958478,4539,14739,1999,2017,19,2003,2005,2006,3,7,5.307692308,4,24,52,0
344,11,M,31,1.516129032,0.535911602,582,1086,1995,2018,24,2000,2000,2003,3,8,5.272727273,2,5,11,0
460,24,M,32,1.3125,0.354988399,306,862,1980,2010,31,1985,1985,1988,3,8,2.75,7,10,19,5
81,39,F,78,1.58974359,0.374612546,2538,6775,1984,2018,35,1984,1986,1988,4,4,4.179487179,9,8,39,0
524,63,M,98,1.469387755,0.225546059,1425,6318,1984,2018,35,1992,1993,1998,6,14,3.285714286,18,11,47,16
26,111,M,188,1.686170213,0.320592559,8505,26529,1988,2018,31,1993,1994,1995,2,7,3.864864865,9,76,105,6
115,93,M,215,1.804651163,0.25570763,8781,34340,1993,2018,26,1994,1997,1999,5,6,5.172043011,4,38,91,2
403,77,M,63,3.015873016,0.208745247,549,2630,1985,2005,21,1985,1986,1986,1,1,3.467532468,0,68,77,0
102,61,M,91,2.10989011,0.382384153,3243,8481,1991,2018,28,1997,2004,2004,7,13,4.147540984,7,26,50,11
82,14,M,37,1.891891892,0.669279469,2220,3317,1995,2016,22,2016,NA,NA,NA,NA,6,4,1,14,0
561,138,M,185,2.010810811,0.251585457,6387,25387,1984,2017,34,1985,1988,1990,5,6,3.688405797,20,72,128,10
109,116,M,117,1.888888889,0.144339623,1224,8480,1991,2018,28,1994,1997,2002,8,11,2.905172414,41,30,96,20
152,3,F,3,2.333333333,1,12,12,1999,2001,3,NA,NA,NA,NA,NA,3.333333333,3,0,3,0
935,116,F,196,2.142857143,0.217767414,5790,26588,1992,2018,27,1993,1993,1995,2,3,4.620689655,26,36,111,5
373,124,F,171,2.701754386,0.230827176,6435,27878,1987,2018,32,1987,2002,2002,15,15,4.725806452,11,51,119,5
701,75,M,107,1.981308411,0.258263712,2133,8259,1989,2018,30,2001,2002,2002,1,13,3.826666667,13,24,68,7
630,124,M,227,1.665198238,0.181832288,5859,32222,1982,2018,37,1989,1993,1995,6,13,4.064516129,13,64,114,10
814,71,F,83,2.120481928,0.349289185,1941,5557,1993,2018,26,1999,2002,2003,4,10,3.478873239,22,37,67,4
425,8,F,18,1.055555556,0.673130194,243,361,1992,2014,23,1992,NA,NA,NA,NA,3.375,1,1,6,2
142,12,M,38,1.263157895,0.657960199,1587,2412,1992,2016,25,1992,2001,2002,10,10,5,0,6,12,0
62,37,M,93,1.774193548,0.598778393,9411,15717,1987,2018,32,1997,2001,2004,7,17,5.459459459,10,8,32,5
85,67,F,96,1.958333333,0.234039568,1668,7127,1996,2018,23,2002,2006,2006,4,10,3.805970149,22,22,64,3
931,22,F,19,2.263157895,0.389473684,111,285,1995,2017,23,1999,2009,2010,11,15,2.954545455,14,5,22,0
246,52,M,117,1.478632479,0.486319959,6630,13633,1985,2017,33,1995,1998,2006,11,21,4.326923077,20,8,44,8
103,9,F,11,1.545454545,0.564356436,57,101,1991,2001,11,1996,NA,NA,NA,NA,2.888888889,6,1,8,1
716,15,M,35,1.628571429,0.759831461,1623,2136,1993,2005,13,1994,1999,2000,6,7,4.8,6,5,15,0
340,28,F,42,1.642857143,0.346405229,477,1377,1994,2018,25,1996,2018,NA,NA,NA,3.464285714,10,2,24,4
337,63,M,64,2.015625,0.637733377,3894,6106,1990,2018,29,1991,1994,1994,3,4,3.047619048,25,16,53,10
37,58,M,108,1.546296296,0.448912518,4644,10345,1997,2018,22,2009,2010,2010,1,13,3.879310345,18,17,56,2
29,5,M,1,5,NA,0,NA,1996,1999,4,NA,NA,NA,NA,NA,2,5,0,5,0
759,12,F,10,1.4,0.344262295,21,61,1995,2000,6,1999,1999,NA,NA,NA,2.166666667,5,2,9,3
298,27,M,25,2.28,0.440934066,321,728,1993,2007,15,1997,1997,1998,1,5,3.111111111,17,4,26,1
932,70,M,124,1.919354839,0.3528157,4962,14064,1982,2017,36,1982,1982,1984,2,2,4.4,29,17,67,3
381,15,M,23,1.52173913,0.345864662,138,399,1989,2006,18,1989,1993,1997,8,8,3.333333333,5,5,14,1
555,98,M,153,2.405228758,0.375931982,8622,22935,1989,2018,30,1990,1994,1999,9,10,4.755102041,14,39,95,3
577,9,F,10,2.1,0.719298246,123,171,1995,2005,11,NA,NA,NA,NA,NA,3.333333333,6,0,9,0
154,165,M,205,2.409756098,0.182233484,5106,28019,1998,2018,21,2001,2003,2003,2,5,3.993939394,22,85,160,5
565,23,M,35,1.085714286,0.55451448,651,1174,1987,2013,27,1987,1999,2004,17,17,2.652173913,4,8,16,7
410,126,F,135,2.133333333,0.230453338,2862,12419,1989,2018,30,1994,1996,1996,2,7,3.285714286,21,76,119,7
675,16,M,32,1.21875,0.585501859,630,1076,1992,2018,27,2010,2010,2011,1,19,3.4375,4,3,13,3
317,68,M,76,1.723684211,0.262773723,1044,3973,1980,2018,39,1982,1983,1990,8,10,2.926470588,14,39,66,2
73,96,F,79,2.949367089,0.30438968,1581,5194,1995,2018,24,1996,2005,2006,10,11,3.427083333,21,61,94,2
402,34,M,59,1.694915254,0.279949559,666,2379,1999,2017,19,2005,2007,2013,8,14,3.941176471,11,6,34,0
698,34,F,57,1.473684211,0.629312516,2499,3971,1987,2015,29,2006,2012,2013,7,26,3.470588235,18,3,28,6
813,30,M,48,1.458333333,0.639294197,1884,2947,1989,2017,29,1995,1997,2000,5,11,3.333333333,7,9,21,9
112,115,M,308,1.805194805,0.128326876,9108,70975,1993,2018,26,1994,2008,2009,15,16,5.834782609,13,34,115,0
255,64,M,41,2.829268293,0.290909091,336,1155,1993,2017,25,1996,1999,2000,4,7,2.8125,25,21,60,4
225,24,F,114,2.114035088,0.535116927,13821,25828,1995,2017,23,NA,NA,NA,NA,NA,11.04166667,1,0,24,0
539,60,M,161,1.937888199,0.359613535,8598,23909,1998,2018,21,2004,2011,2013,9,15,6.2,10,14,56,4
615,79,F,91,1.703296703,0.169539078,846,4990,1982,2018,37,1984,1986,1996,12,14,2.962025316,14,56,77,2
792,111,M,55,3.109090909,0.296227294,636,2147,1983,2018,36,1985,1987,1994,9,11,2.540540541,16,50,85,26
212,26,F,41,1.292682927,0.79179712,2529,3194,1990,2017,28,1990,1999,2000,10,10,3.038461538,6,9,19,7
238,8,F,4,2.25,0.375,3,8,1990,1996,7,NA,NA,NA,NA,NA,2.125,8,0,8,0
385,58,M,41,2.292682927,0.229651163,237,1032,1992,2017,26,1992,1993,1994,2,2,2.620689655,14,23,51,7
546,152,M,171,3.906432749,0.244891837,7347,30001,1994,2018,25,1994,1995,1995,1,1,5.394736842,31,42,151,1
416,10,M,32,1,0.74197861,1110,1496,1985,2012,28,2008,NA,NA,NA,NA,4.2,4,1,7,3
811,8,M,7,1.285714286,0.5,18,36,1994,2010,17,1998,NA,NA,NA,NA,2.125,1,1,5,3
504,16,F,29,1.689655172,0.453296703,330,728,1985,2011,27,1989,1989,2009,20,24,4.0625,4,3,16,0
532,18,F,10,5.8,0.636986301,93,146,1996,2007,12,1996,1996,1997,1,1,4.222222222,3,13,18,0
191,12,F,18,1,0.125748503,21,167,2005,2018,14,2017,NA,NA,NA,NA,2.5,10,1,11,1
725,34,M,85,1.611764706,0.431073768,3027,7022,1998,2018,21,2002,2012,2012,10,14,5.029411765,11,5,33,1
703,26,M,29,1.965517241,0.286725664,162,565,1996,2017,22,1999,2001,2008,9,12,3.192307692,14,5,25,1
195,12,M,6,2.166666667,0.375,9,24,1992,2002,11,1997,NA,NA,NA,NA,2.083333333,6,1,10,2
722,36,M,43,1.372093023,0.304668305,372,1221,1999,2017,19,2004,2007,2007,3,8,2.638888889,9,9,27,9
636,11,M,16,2.3125,0.6041667,174,288,1998,2016,19,NA,NA,NA,NA,NA,4.363636364,4,0,11,0
733,3,M,10,1,0.6631579,63,95,1997,2016,20,NA,NA,NA,NA,NA,4.333333333,1,0,3,0
78,58,M,98,2.132653061,0.3519417,3480,9888,1990,2018,29,1993,1995,1996,3,6,4.603448276,13,13,57,1
223,122,M,115,2.956521739,0.2211656,2349,10621,1984,2018,35,1989,1992,1993,4,9,3.786885246,17,59,115,7
864,94,M,149,2.543624161,0.3366797,7311,21715,1988,2018,31,1988,1997,1997,9,9,5.031914894,8,33,90,4
922,33,M,84,2.05952381,0.5458184,6546,11993,1994,2017,24,1994,1995,1996,2,2,6.242424242,7,5,31,2
147,93,M,116,2.155172414,0.1706385,1518,8896,1994,2018,25,2001,2001,2004,3,10,3.688172043,18,49,90,3
461,61,M,106,1.952830189,0.377551,3774,9996,1994,2018,25,2002,2003,2003,1,9,4.393442623,10,25,58,3
642,45,M,37,1.189189189,0.2473118,207,837,1987,2017,31,1993,1997,1997,4,10,1.977777778,10,11,24,21
28,55,M,94,1.872340426,0.4542655,5016,11042,1981,2018,38,1997,1999,2002,5,21,4.2,11,13,46,9
902,52,M,76,2.552631579,0.3017293,1518,5031,1987,2018,32,1993,1996,2000,7,13,4.730769231,9,8,52,0
128,50,M,60,3.45,0.4068188,1587,3901,1987,2018,32,1989,1989,1990,1,3,5.14,2,14,49,1
422,29,F,62,1.709677419,0.4218642,1833,4345,1996,2018,23,2001,2002,2004,3,8,4.655172414,12,11,29,0
215,35,M,25,2,0.2114883,81,383,1981,2003,23,1981,1981,1986,5,5,2.428571429,12,17,34,1
7,6,M,7,1.285714286,0.3333333,9,27,1999,2013,15,2000,2000,2006,6,7,2.5,2,3,6,0
165,4,F,7,1.142857143,0.5581395,24,43,1991,2000,10,NA,NA,NA,NA,NA,3,3,0,4,0
489,74,F,165,2.060606061,0.3820792,13095,34273,1997,2018,22,2001,2004,2006,5,9,5.594594595,21,23,74,0
925,125,M,175,2.211428571,0.2211769,4608,20834,1989,2018,30,1989,1990,1993,4,4,4.088,21,68,122,3
557,47,M,75,1.866666667,0.5251778,3765,7169,1988,2017,30,1990,1990,1992,2,4,3.978723404,3,8,39,8
70,8,F,24,1.208333333,0.7834197,756,965,1995,2015,21,1996,2008,NA,NA,NA,4.625,4,2,8,0
897,13,M,25,1.6,0.830855,1788,2152,1995,2008,14,2005,2007,2008,3,13,4.076923077,4,3,10,3
334,20,M,41,1.292682927,0.3918723,540,1378,1992,2016,25,1997,1997,1998,1,6,3.65,10,4,20,0
661,4,F,3,1.333333333,0.6,3,5,1997,2000,4,1998,2000,NA,NA,NA,2,1,2,3,1
572,31,M,81,2.024691358,0.4890163,5031,10288,1994,2018,25,1996,1999,2003,7,9,6.290322581,2,10,30,1
780,25,F,49,2.163265306,0.4439655,927,2088,1996,2016,21,1996,1997,2003,7,7,5.28,6,4,25,0
213,58,M,55,2.690909091,0.2457592,594,2417,1988,2018,31,1992,1996,1997,5,9,3.551724138,9,30,55,3
619,5,M,5,1.2,0.7142857,15,21,1995,2004,10,NA,NA,NA,NA,NA,2.2,3,0,3,2
367,120,M,85,3.494117647,0.3861429,2703,7000,1981,2018,38,1981,1989,1990,9,9,3.475,15,59,114,6
764,135,M,228,1.798245614,0.2791887,10641,38114,1991,2018,28,1992,1995,1995,3,4,4.037037037,25,57,122,13
849,8,M,11,1.454545455,0.6412214,84,131,1988,2009,22,1988,2007,NA,NA,NA,3,3,2,7,1
491,323,M,628,2.402866242,0.1358539,37032,272587,1981,2018,38,1981,1992,1992,11,11,5.671826625,7,138,321,2
784,67,M,70,2.042857143,0.2422844,840,3467,1980,2018,39,1982,1983,1985,3,5,3.134328358,24,21,58,9
312,33,M,59,1.898305085,0.3617363,1125,3110,1996,2017,22,2003,2003,2006,3,10,4.393939394,6,10,32,1
35,95,M,111,2.117117117,0.1857035,1473,7932,1981,2018,38,1990,1996,1997,7,16,3.484210526,13,46,91,4
523,36,M,29,2.551724138,0.290493,165,568,1980,2002,23,1982,1982,1984,2,4,3.055555556,8,25,36,0
228,21,M,33,2.181818182,0.4343506,612,1409,1982,2015,34,1993,1993,1994,1,12,4.428571429,1,6,21,0
634,13,M,27,1.333333333,0.4821429,324,672,1984,2010,27,1999,2000,2004,5,20,3.923076923,3,4,11,2
97,49,M,43,3.325581395,0.3523132,792,2248,2004,2018,15,2006,2009,2009,3,5,3.918367347,13,8,48,1
664,50,M,82,2.414634146,0.4922924,4950,10055,1992,2018,27,1992,1998,2000,8,8,4.96,9,16,48,2
475,43,M,34,1.382352941,0.2183406,150,687,1981,2018,38,1997,2000,2003,6,22,2.093023256,5,15,24,19
397,59,M,104,1.653846154,0.2747824,2115,7697,1990,2018,29,1999,2009,2011,12,21,3.915254237,15,17,52,7
909,15,F,8,1.5,0.3243243,12,37,1994,2006,13,1998,2000,2003,5,9,1.8,6,4,10,5
326,122,M,152,2.710526316,0.3455397,8115,23485,1983,2018,36,1990,1990,1990,0,7,4.37704918,22,64,115,7
787,115,M,183,2.475409836,0.3199452,8643,27014,1980,2018,39,1981,1988,2000,19,20,4.947826087,3,73,115,0
783,40,M,60,1.583333333,0.4326923,1395,3224,1992,2017,26,2002,2003,2003,1,11,3.375,11,17,38,2
90,9,F,12,2,0.6386139,129,202,1996,2006,11,2002,2003,NA,NA,NA,3.666666667,2,2,9,0
36,13,F,19,1.947368421,0.6529412,333,510,1982,2018,37,NA,NA,NA,NA,NA,3.769230769,11,0,11,2
430,18,M,20,1.95,0.505102,198,392,1991,2001,11,1991,1995,1995,4,4,3.166666667,6,9,17,1
244,42,M,25,3.24,0.391097,246,629,1983,2018,36,1997,1998,2000,3,17,2.928571429,16,10,32,10
83,84,M,86,4.604651163,0.2582328,3168,12268,1998,2018,21,2003,2013,2015,12,17,5.714285714,25,6,84,0
333,40,M,102,1.245098039,0.5573077,7245,13000,1991,2018,28,1992,1996,2004,12,13,4.175,13,9,34,6
393,51,M,68,2.676470588,0.6107035,4245,6951,1993,2010,18,1995,1996,1998,3,5,4.568627451,10,28,50,1
518,93,M,129,2.813953488,0.243098,3936,16191,1990,2018,29,1991,1993,1995,4,5,4.903225806,10,28,92,1
563,12,M,34,1.294117647,0.8716562,3063,3514,1993,2012,20,2007,2007,NA,NA,NA,4.666666667,5,2,11,1
265,17,M,18,1.388888889,0.4137931,108,261,1988,1999,12,1988,NA,NA,NA,NA,2.470588235,9,1,11,6
895,83,M,91,2.626373626,0.5611658,5757,10259,1989,2018,30,1990,1991,1992,2,3,3.879518072,10,35,75,8
248,20,M,19,2.894736842,0.5066414,267,527,1998,2010,13,2000,2001,NA,NA,NA,3.75,9,2,20,0
291,4,M,7,1.428571429,0.7,42,60,1995,2002,8,NA,NA,NA,NA,NA,3.5,2,0,4,0
538,4,M,4,2.5,1,30,30,1998,2000,3,1999,NA,NA,NA,NA,3.5,1,1,4,0
158,6,M,19,1.105263158,0.6178862,228,369,2004,2007,4,2005,2005,NA,NA,NA,4.5,1,2,6,0
662,26,F,53,1.773584906,0.5894361,2310,3919,1998,2018,21,1999,2002,2003,4,5,4.615384615,1,13,26,0
726,153,M,175,2.32,0.1712784,3324,19407,1989,2018,30,1996,1998,1999,3,10,3.653594771,30,85,145,8
819,24,M,42,1.404761905,0.3070866,390,1270,1996,2017,22,1999,2003,2007,8,11,3.458333333,9,12,22,2
889,196,M,327,2.308868502,0.1766489,13989,79191,1989,2018,30,1997,1997,1997,0,8,4.852040816,23,85,194,2
679,68,M,69,1.768115942,0.3722854,1440,3868,1985,2018,34,1986,1990,1991,5,6,2.794117647,20,29,60,8
590,68,M,71,1.746478873,0.2249314,738,3281,1990,2016,27,1990,1995,1997,7,7,2.823529412,20,25,60,8
639,46,F,63,1.920634921,0.2729159,789,2891,1996,2017,22,2002,2002,2002,0,6,3.630434783,12,8,44,2
497,117,M,188,1.989361702,0.1494151,3525,23592,1990,2018,29,1990,1992,1994,4,4,4.205128205,20,44,114,3
358,55,M,121,1.818181818,0.4702267,6657,14157,1989,2018,30,1991,1993,1993,2,4,5,10,13,54,1
352,45,M,59,2.203389831,0.3279915,921,2808,1985,2018,34,1990,1993,1996,6,11,3.955555556,3,32,45,0
865,18,M,45,1.133333333,0.4447726,753,1693,1983,2015,33,1992,1997,2006,14,23,3.833333333,5,5,16,2
48,14,F,11,1.818181818,0.5405405,60,111,1994,2014,21,1995,1998,1999,4,5,2.428571429,10,3,13,1
736,121,F,200,2.41,0.2568297,9279,36129,1984,2018,35,1984,1986,1990,6,6,5,6,56,120,1
687,19,F,20,1.05,0.2446352,57,233,1982,2010,29,1982,2001,2010,28,28,2.105263158,5,3,11,8
878,76,M,63,2.841269841,0.3345865,1068,3192,1987,2018,32,1987,1988,1988,1,1,3.355263158,26,37,75,1
94,16,M,15,3.466666667,0.6507592,300,461,1996,2005,10,2003,NA,NA,NA,NA,4.25,4,1,16,0
856,84,M,70,2.985714286,0.2353723,885,3760,1994,2018,25,1994,2009,2009,15,15,3.488095238,31,46,81,3
829,16,M,24,1.833333333,0.4324943,189,437,1997,2010,14,1997,1998,2004,7,7,3.75,6,6,16,0
361,7,F,9,1.888888889,0.7142857,90,126,1997,2004,8,NA,NA,NA,NA,NA,3.428571429,4,0,6,1
74,7,F,5,1,0.4285714,6,14,1992,2011,20,1992,NA,NA,NA,NA,1.714285714,2,1,3,4
237,10,F,23,1.652173913,0.6137787,588,958,2005,2013,9,NA,NA,NA,NA,NA,4.8,4,0,10,0
268,11,F,17,1.764705882,0.4902724,126,257,1994,2013,20,2002,2003,2010,8,16,3.727272727,2,5,11,0
551,62,M,122,1.631147541,0.2218683,2577,11615,1983,2018,36,1983,1988,1998,15,15,4.209677419,9,29,59,3
850,139,M,180,2.227777778,0.2428243,6015,24771,1987,2018,32,1990,1998,1998,8,11,3.884892086,36,50,124,15
531,24,M,59,1.406779661,0.4878706,1629,3339,1985,2017,33,2003,2005,2005,2,20,4.458333333,4,5,23,1
153,87,M,96,2.552083333,0.2800673,1998,7134,1983,2018,36,1983,1986,1993,10,10,3.816091954,21,21,85,2
912,15,F,41,1.146341463,0.557265,978,1755,1987,2017,31,1997,1998,2003,6,16,4.133333333,2,4,13,2
226,3,F,5,1.8,0.8666667,39,45,1999,2016,18,NA,NA,NA,NA,NA,4,1,0,3,0
485,9,M,2,4.5,1,3,3,1995,2001,7,1995,1997,2000,5,5,2,5,3,8,1
916,17,F,24,1.375,0.244382,87,356,1980,2005,26,1994,1994,2000,6,20,2.941176471,8,4,14,3
525,84,M,172,2.220930233,0.3442908,10086,29295,1987,2018,32,1996,1997,2001,5,14,5.547619048,10,11,82,2
349,78,M,93,2.086021505,0.3885323,2724,7011,1993,2018,26,1996,2000,2002,6,9,3.487179487,22,29,69,9
342,44,M,54,2.12962963,0.448345,1341,2991,1989,2018,30,1994,1997,1998,4,9,3.613636364,19,13,38,6
458,65,M,117,2.034188034,0.319329,4188,13115,1984,2018,35,1990,1992,1994,4,10,4.661538462,7,45,64,1
595,17,M,19,1.052631579,0.1276596,24,188,1994,2018,25,2008,NA,NA,NA,NA,2.176470588,13,1,14,3
359,92,M,50,3.46,0.2418864,477,1972,1980,2018,39,1982,1985,1991,9,11,2.880434783,32,25,79,13
656,13,M,24,1.166666667,0.6270096,390,622,1988,2006,19,1991,1994,1995,4,7,3.153846154,3,6,12,1
390,244,M,559,2.686940966,0.2248487,63549,282630,1993,2018,26,1993,1996,1999,6,6,7.155737705,9,107,241,3
69,7,F,17,1.588235294,0.5555556,150,270,1996,2003,8,NA,NA,NA,NA,NA,4.857142857,3,0,7,0
230,86,M,106,1.735849057,0.2979082,2478,8318,1986,2018,33,1988,2001,2003,15,17,3.139534884,24,21,65,21
601,14,F,21,1.666666667,0.3017751,153,507,1984,2009,26,1984,1986,1992,8,8,3.5,2,6,14,0
289,6,F,5,2,0.8461538,33,39,1994,1998,5,1998,NA,NA,NA,NA,2.666666667,5,1,6,0
640,79,F,112,2.071428571,0.3860842,4428,11469,1982,2018,37,1984,1991,1992,8,10,3.936708861,27,34,77,2
592,14,M,16,1.0625,0.5366972,117,218,1991,2017,27,2003,2010,NA,NA,NA,2.214285714,5,2,8,6
56,22,M,15,3.733333333,0.556701,216,388,1987,2010,24,1993,1994,1998,5,11,3.545454545,3,6,19,3
657,25,M,50,1.66,0.3832168,822,2145,1995,2018,24,1995,2002,2010,15,15,4.32,5,9,25,0
724,35,F,72,2.305555556,0.5368633,4806,8952,1998,2018,21,2010,NA,NA,NA,NA,5.742857143,11,1,35,0
886,61,M,54,1.814814815,0.1740614,306,1758,1980,2016,37,1982,1984,1985,3,5,2.606557377,18,30,57,4
607,95,M,143,2.118881119,0.2355089,3612,15337,1992,2018,27,2000,2001,2002,2,10,4.189473684,12,48,92,3
838,15,M,43,1.76744186,0.5214953,1395,2675,2003,2018,16,2009,2015,2015,6,12,6.066666667,3,4,15,0
832,28,M,52,2.115384615,0.5384615,1659,3081,2005,2018,14,2016,2017,2018,2,13,4.964285714,11,4,27,1
